SET session_replication_role = replica;

--
-- PostgreSQL database dump
--

-- Dumped from database version 17.4
-- Dumped by pg_dump version 17.4

SET statement_timeout = 0;
SET lock_timeout = 0;
SET idle_in_transaction_session_timeout = 0;
SET transaction_timeout = 0;
SET client_encoding = 'UTF8';
SET standard_conforming_strings = on;
SELECT pg_catalog.set_config('search_path', '', false);
SET check_function_bodies = false;
SET xmloption = content;
SET client_min_messages = warning;
SET row_security = off;

--
-- Data for Name: audit_log_entries; Type: TABLE DATA; Schema: auth; Owner: supabase_auth_admin
--



--
-- Data for Name: flow_state; Type: TABLE DATA; Schema: auth; Owner: supabase_auth_admin
--



--
-- Data for Name: users; Type: TABLE DATA; Schema: auth; Owner: supabase_auth_admin
--



--
-- Data for Name: identities; Type: TABLE DATA; Schema: auth; Owner: supabase_auth_admin
--



--
-- Data for Name: instances; Type: TABLE DATA; Schema: auth; Owner: supabase_auth_admin
--



--
-- Data for Name: oauth_clients; Type: TABLE DATA; Schema: auth; Owner: supabase_auth_admin
--



--
-- Data for Name: sessions; Type: TABLE DATA; Schema: auth; Owner: supabase_auth_admin
--



--
-- Data for Name: mfa_amr_claims; Type: TABLE DATA; Schema: auth; Owner: supabase_auth_admin
--



--
-- Data for Name: mfa_factors; Type: TABLE DATA; Schema: auth; Owner: supabase_auth_admin
--



--
-- Data for Name: mfa_challenges; Type: TABLE DATA; Schema: auth; Owner: supabase_auth_admin
--



--
-- Data for Name: oauth_authorizations; Type: TABLE DATA; Schema: auth; Owner: supabase_auth_admin
--



--
-- Data for Name: oauth_client_states; Type: TABLE DATA; Schema: auth; Owner: supabase_auth_admin
--



--
-- Data for Name: oauth_consents; Type: TABLE DATA; Schema: auth; Owner: supabase_auth_admin
--



--
-- Data for Name: one_time_tokens; Type: TABLE DATA; Schema: auth; Owner: supabase_auth_admin
--



--
-- Data for Name: refresh_tokens; Type: TABLE DATA; Schema: auth; Owner: supabase_auth_admin
--



--
-- Data for Name: sso_providers; Type: TABLE DATA; Schema: auth; Owner: supabase_auth_admin
--



--
-- Data for Name: saml_providers; Type: TABLE DATA; Schema: auth; Owner: supabase_auth_admin
--



--
-- Data for Name: saml_relay_states; Type: TABLE DATA; Schema: auth; Owner: supabase_auth_admin
--



--
-- Data for Name: sso_domains; Type: TABLE DATA; Schema: auth; Owner: supabase_auth_admin
--



--
-- Data for Name: owners; Type: TABLE DATA; Schema: public; Owner: postgres
--

INSERT INTO "public"."owners" ("id", "created_at", "name", "years_active") VALUES
	(11, '2025-08-07 21:34:16.10982+00', 'tim', '{2015,2016}'),
	(12, '2025-08-07 21:34:16.10982+00', 'milo', '{2015,2017}'),
	(13, '2025-08-07 21:34:16.10982+00', 'pippins', '{2013,2014}'),
	(14, '2025-08-07 21:34:16.10982+00', 'tyler', '{2012}'),
	(2, '2025-08-07 21:34:16.10982+00', 'justin', '{2012,2013,2014,2015,2016,2017,2018,2019,2020,2021,2022,2023,2024,2025}'),
	(3, '2025-08-07 21:34:16.10982+00', 'craig', '{2012,2013,2014,2015,2016,2017,2018,2019,2020,2021,2022,2023,2024,2025}'),
	(4, '2025-08-07 21:34:16.10982+00', 'jake', '{2012,2013,2014,2015,2016,2017,2018,2019,2020,2021,2022,2023,2024,2025}'),
	(5, '2025-08-07 21:34:16.10982+00', 'selim', '{2012,2013,2014,2015,2016,2017,2018,2019,2020,2021,2022,2023,2024,2025}'),
	(6, '2025-08-07 21:34:16.10982+00', 'matt', '{2012,2013,2014,2015,2016,2017,2018,2019,2020,2021,2022,2023,2024,2025}'),
	(7, '2025-08-07 21:34:16.10982+00', 'taylor', '{2015,2016,2017,2018,2019,2020,2021,2022,2023,2024,2025}'),
	(8, '2025-08-07 21:34:16.10982+00', 'michael', '{2015,2016,2017,2018,2019,2020,2021,2022,2023,2024,2025}'),
	(9, '2025-08-07 21:34:16.10982+00', 'paul', '{2015,2016,2017,2018,2019,2020,2021,2022,2023,2024,2025}'),
	(10, '2025-08-07 21:34:16.10982+00', 'dalton', '{2011,2012,2013,2014,2015,2018,2019,2020,2021,2022,2023,2024,2025}'),
	(1, '2025-08-07 21:32:50.980502+00', 'andrew', '{2012,2013,2014,2015,2016,2017,2018,2019,2020,2021,2022,2023,2024,2025}');


--
-- Data for Name: matchups; Type: TABLE DATA; Schema: public; Owner: postgres
--

INSERT INTO "public"."matchups" ("id", "created_at", "year", "week", "winner_owner_id", "loser_owner_id", "winner_score", "loser_score", "playoffs") VALUES
	(1, '2025-08-08 22:30:36.486951+00', 2023, 13, 7, 1, 140.6, 106.38, false),
	(2, '2025-08-08 22:30:36.486951+00', 2023, 13, 3, 6, 83.8, 82.3, false),
	(3, '2025-08-08 22:30:36.486951+00', 2023, 13, 8, 9, 91.38, 90.22, false),
	(4, '2025-08-08 22:30:36.486951+00', 2023, 13, 2, 5, 159.62, 114.78, false),
	(5, '2025-08-08 22:30:36.486951+00', 2023, 13, 10, 4, 142.46, 108.76, false),
	(6, '2025-08-08 22:30:36.486951+00', 2023, 8, 5, 1, 145.92, 99.48, false),
	(7, '2025-08-08 22:30:36.486951+00', 2023, 8, 4, 9, 139.86, 117.96, false),
	(8, '2025-08-08 22:30:36.486951+00', 2023, 8, 2, 3, 114.26, 86.18, false),
	(9, '2025-08-08 22:30:36.486951+00', 2023, 8, 7, 8, 105.96, 91.18, false),
	(10, '2025-08-08 22:30:36.486951+00', 2023, 8, 10, 6, 132.06, 90.1, false),
	(11, '2025-08-08 22:30:36.486951+00', 2023, 10, 5, 1, 130.82, 108.68, false),
	(12, '2025-08-08 22:30:36.486951+00', 2023, 10, 10, 3, 141.16, 83.4, false),
	(13, '2025-08-08 22:30:36.486951+00', 2023, 10, 4, 8, 117.18, 105.42, false),
	(14, '2025-08-08 22:30:36.486951+00', 2023, 10, 9, 7, 122.18, 74.56, false),
	(15, '2025-08-08 22:30:36.486951+00', 2023, 10, 2, 6, 118.54, 110.86, false),
	(16, '2025-08-08 22:30:36.486951+00', 2023, 14, 10, 1, 101.34, 88.32, false),
	(17, '2025-08-08 22:30:36.486951+00', 2023, 14, 8, 5, 133.54, 94.44, false),
	(18, '2025-08-08 22:30:36.486951+00', 2023, 14, 3, 9, 91.06, 86.54, false),
	(19, '2025-08-08 22:30:36.486951+00', 2023, 14, 7, 2, 120.9, 104.38, false),
	(20, '2025-08-08 22:30:36.486951+00', 2023, 14, 4, 6, 110.42, 78.94, false),
	(21, '2025-08-08 22:30:36.486951+00', 2023, 2, 9, 1, 143.96, 136.14, false),
	(22, '2025-08-08 22:30:36.486951+00', 2023, 2, 6, 4, 125.3, 85.16, false),
	(23, '2025-08-08 22:30:36.486951+00', 2023, 2, 3, 7, 117, 80.48, false),
	(24, '2025-08-08 22:30:36.486951+00', 2023, 2, 8, 2, 107.18, 103.62, false),
	(25, '2025-08-08 22:30:36.486951+00', 2023, 2, 5, 10, 116.6, 107.52, false),
	(26, '2025-08-08 22:30:36.486951+00', 2023, 6, 6, 1, 108.24, 83.02, false),
	(27, '2025-08-08 22:30:36.486951+00', 2023, 6, 10, 8, 101.4, 95.52, false),
	(28, '2025-08-08 22:30:36.486951+00', 2023, 6, 7, 5, 99.48, 88.78, false),
	(29, '2025-08-08 22:30:36.486951+00', 2023, 6, 2, 4, 136.6, 72.26, false),
	(30, '2025-08-08 22:30:36.486951+00', 2023, 6, 3, 9, 119.94, 98.44, false),
	(31, '2025-08-08 22:30:36.486951+00', 2023, 1, 4, 1, 73.54, 69.54, false),
	(32, '2025-08-08 22:30:36.486951+00', 2023, 1, 5, 3, 114.76, 78.84, false),
	(33, '2025-08-08 22:30:36.486951+00', 2023, 1, 6, 8, 90.84, 89.76, false),
	(34, '2025-08-08 22:30:36.486951+00', 2023, 1, 9, 2, 126.46, 104.4, false),
	(35, '2025-08-08 22:30:36.486951+00', 2023, 1, 7, 10, 112.88, 67.38, false),
	(36, '2025-08-08 22:30:36.486951+00', 2023, 5, 1, 3, 126.16, 109.4, false),
	(37, '2025-08-08 22:30:36.486951+00', 2023, 5, 6, 9, 122.64, 94.06, false),
	(38, '2025-08-08 22:30:36.486951+00', 2023, 5, 4, 10, 115.06, 84.18, false),
	(39, '2025-08-08 22:30:36.486951+00', 2023, 5, 2, 7, 136.82, 108.02, false),
	(40, '2025-08-08 22:30:36.486951+00', 2023, 5, 5, 8, 121.22, 98.94, false),
	(41, '2025-08-08 22:30:36.486951+00', 2023, 4, 7, 1, 120.28, 108.6, false),
	(42, '2025-08-08 22:30:36.486951+00', 2023, 4, 9, 10, 116.76, 108.94, false),
	(43, '2025-08-08 22:30:36.486951+00', 2023, 4, 4, 5, 108, 77.48, false),
	(44, '2025-08-08 22:30:36.486951+00', 2023, 4, 8, 3, 105.42, 94.08, false),
	(45, '2025-08-08 22:30:36.486951+00', 2023, 4, 2, 6, 98.96, 97.92, false),
	(46, '2025-08-08 22:30:36.486951+00', 2023, 7, 8, 1, 97.08, 62.46, false),
	(47, '2025-08-08 22:30:36.486951+00', 2023, 7, 3, 6, 127.6, 106.36, false),
	(48, '2025-08-08 22:30:36.486951+00', 2023, 7, 4, 7, 112, 89.74, false),
	(49, '2025-08-08 22:30:36.486951+00', 2023, 7, 5, 9, 114.16, 101.22, false),
	(50, '2025-08-08 22:30:36.486951+00', 2023, 7, 10, 2, 106.48, 99.26, false),
	(51, '2025-08-08 22:30:36.486951+00', 2023, 3, 1, 10, 102.52, 79.86, false),
	(52, '2025-08-08 22:30:36.486951+00', 2023, 3, 2, 5, 145.78, 106, false),
	(53, '2025-08-08 22:30:36.486951+00', 2023, 3, 6, 7, 125.68, 117.76, false),
	(54, '2025-08-08 22:30:36.486951+00', 2023, 3, 8, 9, 148.48, 85.88, false),
	(55, '2025-08-08 22:30:36.486951+00', 2023, 3, 3, 4, 123.06, 102.52, false),
	(56, '2025-08-08 22:30:36.486951+00', 2023, 9, 2, 1, 135.8, 78.6, false),
	(57, '2025-08-08 22:30:36.486951+00', 2023, 9, 4, 8, 89.32, 82.48, false),
	(58, '2025-08-08 22:30:36.486951+00', 2023, 9, 7, 9, 117.02, 93.62, false),
	(59, '2025-08-08 22:30:36.486951+00', 2023, 9, 10, 3, 113.96, 96.52, false),
	(60, '2025-08-08 22:30:36.486951+00', 2023, 9, 6, 5, 112.1, 68.14, false),
	(61, '2025-08-08 22:30:36.486951+00', 2023, 15, 1, 8, 97.74, 84.44, false),
	(62, '2025-08-08 22:30:36.486951+00', 2023, 15, 9, 10, 98.92, 86.36, false),
	(63, '2025-08-08 22:30:36.486951+00', 2023, 15, 4, 2, 114.86, 92.92, false),
	(64, '2025-08-08 22:30:36.486951+00', 2023, 15, 3, 7, 99.62, 92.16, false),
	(65, '2025-08-08 22:30:36.486951+00', 2023, 15, 6, 5, 105.8, 93.12, false),
	(66, '2025-08-08 22:30:36.486951+00', 2023, 11, 4, 1, 132.5, 114.16, false),
	(67, '2025-08-08 22:30:36.486951+00', 2023, 11, 3, 2, 123.86, 100.2, false),
	(68, '2025-08-08 22:30:36.486951+00', 2023, 11, 7, 8, 99.74, 96.56, false),
	(69, '2025-08-08 22:30:36.486951+00', 2023, 11, 5, 10, 95.7, 64.56, false),
	(70, '2025-08-08 22:30:36.486951+00', 2023, 11, 9, 6, 130.44, 95.68, false),
	(71, '2025-08-08 22:30:36.486951+00', 2023, 12, 2, 1, 138.9, 132.38, false),
	(72, '2025-08-08 22:30:36.486951+00', 2023, 12, 6, 8, 103.72, 99.58, false),
	(73, '2025-08-08 22:30:36.486951+00', 2023, 12, 4, 9, 129.76, 121.18, false),
	(74, '2025-08-08 22:30:36.486951+00', 2023, 12, 10, 7, 134.44, 100.4, false),
	(75, '2025-08-08 22:30:36.486951+00', 2023, 12, 3, 5, 94.04, 91.08, false),
	(76, '2025-08-08 22:30:36.486951+00', 2023, 17, 6, 9, 110.1, 89.04, true),
	(77, '2025-08-08 22:30:36.486951+00', 2023, 17, 5, 10, 118.76, 109.1, true),
	(78, '2025-08-08 22:30:36.486951+00', 2023, 17, 2, 7, 97.68, 79.02, true),
	(79, '2025-08-08 22:30:36.486951+00', 2023, 17, 3, 4, 121.58, 104.56, true),
	(80, '2025-08-08 22:30:36.486951+00', 2023, 16, 9, 10, 127.08, 96.62, true),
	(81, '2025-08-08 22:30:36.486951+00', 2023, 16, 6, 5, 113.2, 94.02, true),
	(82, '2025-08-08 22:30:36.486951+00', 2023, 16, 7, 4, 129.12, 72.48, true),
	(83, '2025-08-08 22:30:36.486951+00', 2023, 16, 2, 3, 96.14, 87.84, true),
	(84, '2025-08-08 22:30:36.486951+00', 2022, 13, 1, 2, 112.3, 92.74, false),
	(85, '2025-08-08 22:30:36.486951+00', 2022, 13, 10, 7, 144.3, 132.84, false),
	(86, '2025-08-08 22:30:36.486951+00', 2022, 13, 6, 3, 124.66, 82.42, false),
	(87, '2025-08-08 22:30:36.486951+00', 2022, 13, 9, 8, 119, 103.2, false),
	(88, '2025-08-08 22:30:36.486951+00', 2022, 13, 5, 4, 103.78, 97.26, false),
	(89, '2025-08-08 22:30:36.486951+00', 2022, 8, 1, 8, 131.8, 101.54, false),
	(90, '2025-08-08 22:30:36.486951+00', 2022, 8, 7, 10, 135.88, 106.2, false),
	(91, '2025-08-08 22:30:36.486951+00', 2022, 8, 6, 5, 130.18, 122.88, false),
	(92, '2025-08-08 22:30:36.486951+00', 2022, 8, 4, 2, 143.12, 116.54, false),
	(93, '2025-08-08 22:30:36.486951+00', 2022, 8, 9, 3, 128.14, 123.72, false),
	(94, '2025-08-08 22:30:36.486951+00', 2022, 10, 4, 1, 121.48, 81.5, false),
	(95, '2025-08-08 22:30:36.486951+00', 2022, 10, 8, 3, 105.9, 78.7, false),
	(96, '2025-08-08 22:30:36.486951+00', 2022, 10, 9, 6, 119.7, 108.04, false),
	(97, '2025-08-08 22:30:36.486951+00', 2022, 10, 5, 10, 125.76, 110.6, false),
	(98, '2025-08-08 22:30:36.486951+00', 2022, 10, 7, 2, 84.84, 70.6, false),
	(99, '2025-08-08 22:30:36.486951+00', 2022, 14, 6, 1, 110.08, 107.08, false),
	(100, '2025-08-08 22:30:36.486951+00', 2022, 14, 3, 4, 106.18, 93.28, false),
	(101, '2025-08-08 22:30:36.486951+00', 2022, 14, 9, 2, 127.98, 118.56, false),
	(102, '2025-08-08 22:30:36.486951+00', 2022, 14, 8, 10, 103.4, 94.96, false),
	(103, '2025-08-08 22:30:36.486951+00', 2022, 14, 5, 7, 87.8, 84.36, false),
	(104, '2025-08-08 22:30:36.486951+00', 2022, 2, 1, 5, 163.12, 67.46, false),
	(105, '2025-08-08 22:30:36.486951+00', 2022, 2, 9, 4, 150.56, 111.72, false),
	(106, '2025-08-08 22:30:36.486951+00', 2022, 2, 6, 2, 160.08, 109.2, false),
	(107, '2025-08-08 22:30:36.486951+00', 2022, 2, 10, 8, 105.84, 77.6, false),
	(108, '2025-08-08 22:30:36.486951+00', 2022, 2, 3, 7, 130.78, 83.58, false),
	(109, '2025-08-08 22:30:36.486951+00', 2022, 6, 1, 6, 112.5, 96.22, false),
	(110, '2025-08-08 22:30:36.486951+00', 2022, 6, 7, 8, 106.6, 95.12, false),
	(111, '2025-08-08 22:30:36.486951+00', 2022, 6, 4, 5, 139.9, 75.14, false),
	(112, '2025-08-08 22:30:36.486951+00', 2022, 6, 3, 10, 110.26, 98.84, false),
	(113, '2025-08-08 22:30:36.486951+00', 2022, 6, 9, 2, 77.32, 72.68, false),
	(114, '2025-08-08 22:30:36.486951+00', 2022, 1, 10, 1, 87.04, 85.12, false),
	(115, '2025-08-08 22:30:36.486951+00', 2022, 1, 7, 2, 138.32, 97.7, false),
	(116, '2025-08-08 22:30:36.486951+00', 2022, 1, 6, 9, 110.52, 92.86, false),
	(117, '2025-08-08 22:30:36.486951+00', 2022, 1, 4, 3, 134.02, 131.88, false),
	(118, '2025-08-08 22:30:36.486951+00', 2022, 1, 8, 5, 100.58, 79.7, false),
	(119, '2025-08-08 22:30:36.486951+00', 2022, 5, 3, 1, 148.36, 122.56, false),
	(120, '2025-08-08 22:30:36.486951+00', 2022, 5, 2, 5, 98.6, 81.66, false),
	(121, '2025-08-08 22:30:36.486951+00', 2022, 5, 10, 9, 131.22, 106.22, false),
	(122, '2025-08-08 22:30:36.486951+00', 2022, 5, 6, 8, 111.18, 96.96, false),
	(123, '2025-08-08 22:30:36.486951+00', 2022, 5, 7, 4, 106.08, 99.06, false),
	(124, '2025-08-08 22:30:36.486951+00', 2022, 4, 4, 1, 92.56, 89.06, false),
	(125, '2025-08-08 22:30:36.486951+00', 2022, 4, 2, 8, 130.98, 126.6, false),
	(126, '2025-08-08 22:30:36.486951+00', 2022, 4, 5, 3, 143.94, 141.12, false),
	(127, '2025-08-08 22:30:36.486951+00', 2022, 4, 10, 6, 110.56, 105.76, false),
	(128, '2025-08-08 22:30:36.486951+00', 2022, 4, 9, 7, 109, 72.08, false),
	(129, '2025-08-08 22:30:36.486951+00', 2022, 7, 1, 9, 97.24, 83.02, false),
	(130, '2025-08-08 22:30:36.486951+00', 2022, 7, 10, 2, 127.98, 111.26, false),
	(131, '2025-08-08 22:30:36.486951+00', 2022, 7, 6, 3, 121.22, 92.02, false),
	(132, '2025-08-08 22:30:36.486951+00', 2022, 7, 4, 8, 90.6, 83.5, false),
	(133, '2025-08-08 22:30:36.486951+00', 2022, 7, 5, 7, 104.56, 102.94, false),
	(134, '2025-08-08 22:30:36.486951+00', 2022, 3, 1, 2, 118.7, 73.58, false),
	(135, '2025-08-08 22:30:36.486951+00', 2022, 3, 5, 9, 113.7, 83.34, false),
	(136, '2025-08-08 22:30:36.486951+00', 2022, 3, 4, 10, 114.52, 92.64, false),
	(137, '2025-08-08 22:30:36.486951+00', 2022, 3, 3, 8, 144, 84.04, false),
	(138, '2025-08-08 22:30:36.486951+00', 2022, 3, 7, 6, 97.5, 87.56, false),
	(139, '2025-08-08 22:30:36.486951+00', 2022, 9, 1, 7, 117.92, 84.94, false),
	(140, '2025-08-08 22:30:36.486951+00', 2022, 9, 9, 8, 109.8, 105.78, false),
	(141, '2025-08-08 22:30:36.486951+00', 2022, 9, 10, 5, 136.6, 109.9, false),
	(142, '2025-08-08 22:30:36.486951+00', 2022, 9, 3, 2, 137.9, 120.5, false),
	(143, '2025-08-08 22:30:36.486951+00', 2022, 9, 6, 4, 82.44, 60.02, false),
	(144, '2025-08-08 22:30:36.486951+00', 2022, 15, 1, 3, 127.5, 120.06, false),
	(145, '2025-08-08 22:30:36.486951+00', 2022, 15, 6, 2, 111.14, 82.08, false),
	(146, '2025-08-08 22:30:36.486951+00', 2022, 15, 7, 4, 120.5, 87.88, false),
	(147, '2025-08-08 22:30:36.486951+00', 2022, 15, 9, 10, 90.92, 89.14, false),
	(148, '2025-08-08 22:30:36.486951+00', 2022, 15, 5, 8, 119.3, 115.86, false),
	(149, '2025-08-08 22:30:36.486951+00', 2022, 11, 10, 1, 145.04, 123.5, false),
	(150, '2025-08-08 22:30:36.486951+00', 2022, 11, 8, 7, 116.04, 101.4, false),
	(151, '2025-08-08 22:30:36.486951+00', 2022, 11, 2, 3, 118.5, 94.88, false),
	(152, '2025-08-08 22:30:36.486951+00', 2022, 11, 5, 9, 75.94, 57.8, false),
	(153, '2025-08-08 22:30:36.486951+00', 2022, 11, 6, 4, 118.06, 92.52, false),
	(154, '2025-08-08 22:30:36.486951+00', 2022, 12, 1, 7, 124.22, 121.5, false),
	(155, '2025-08-08 22:30:36.486951+00', 2022, 12, 6, 5, 106.1, 97.5, false),
	(156, '2025-08-08 22:30:36.486951+00', 2022, 12, 3, 9, 122.22, 109.36, false),
	(157, '2025-08-08 22:30:36.486951+00', 2022, 12, 4, 8, 117.16, 108.5, false),
	(158, '2025-08-08 22:30:36.486951+00', 2022, 12, 10, 2, 126.64, 80.72, false),
	(159, '2025-08-08 22:30:36.486951+00', 2022, 17, 6, 1, 119.28, 91.76, true),
	(160, '2025-08-08 22:30:36.486951+00', 2022, 17, 4, 5, 90.5, 52.4, true),
	(161, '2025-08-08 22:30:36.486951+00', 2022, 17, 7, 3, 97.3, 63.3, true),
	(162, '2025-08-08 22:30:36.486951+00', 2022, 17, 9, 10, 121.98, 118.58, true),
	(163, '2025-08-08 22:30:36.486951+00', 2022, 16, 1, 10, 135.5, 78.98, true),
	(164, '2025-08-08 22:30:36.486951+00', 2022, 16, 4, 7, 105.26, 82, true),
	(165, '2025-08-08 22:30:36.486951+00', 2022, 16, 5, 3, 132.86, 108.18, true),
	(166, '2025-08-08 22:30:36.486951+00', 2022, 16, 6, 9, 91.66, 87.1, true),
	(167, '2025-08-08 22:30:36.486951+00', 2021, 13, 1, 6, 133.22, 78.78, false),
	(168, '2025-08-08 22:30:36.486951+00', 2021, 13, 7, 10, 95, 66.1, false),
	(169, '2025-08-08 22:30:36.486951+00', 2021, 13, 9, 2, 106.12, 86.1, false),
	(170, '2025-08-08 22:30:36.486951+00', 2021, 13, 8, 4, 116.22, 112.48, false),
	(171, '2025-08-08 22:30:36.486951+00', 2021, 13, 5, 3, 84.62, 74.16, false),
	(172, '2025-08-08 22:30:36.486951+00', 2021, 8, 1, 9, 115.88, 69.36, false),
	(173, '2025-08-08 22:30:36.486951+00', 2021, 8, 10, 6, 100.1, 80.26, false),
	(174, '2025-08-08 22:30:36.486951+00', 2021, 8, 3, 5, 82.3, 75.5, false),
	(175, '2025-08-08 22:30:36.486951+00', 2021, 8, 8, 4, 93.82, 82.36, false),
	(176, '2025-08-08 22:30:36.486951+00', 2021, 8, 2, 7, 107.66, 101.4, false),
	(177, '2025-08-08 22:30:36.486951+00', 2021, 10, 1, 10, 114.14, 67.32, false),
	(178, '2025-08-08 22:30:36.486951+00', 2021, 10, 9, 5, 77.9, 59, false),
	(179, '2025-08-08 22:30:36.486951+00', 2021, 10, 2, 8, 106.9, 89.62, false),
	(180, '2025-08-08 22:30:36.486951+00', 2021, 10, 3, 6, 110.84, 58.48, false),
	(181, '2025-08-08 22:30:36.486951+00', 2021, 10, 7, 4, 96.72, 61.8, false),
	(182, '2025-08-08 22:30:36.486951+00', 2021, 14, 1, 9, 112.84, 99.12, false),
	(183, '2025-08-08 22:30:36.486951+00', 2021, 14, 7, 3, 110.38, 86.92, false),
	(184, '2025-08-08 22:30:36.486951+00', 2021, 14, 6, 2, 128.74, 108.02, false),
	(185, '2025-08-08 22:30:36.486951+00', 2021, 14, 4, 10, 103.4, 79.94, false),
	(186, '2025-08-08 22:30:36.486951+00', 2021, 14, 5, 8, 88.9, 81.78, false),
	(187, '2025-08-08 22:30:36.486951+00', 2021, 2, 5, 1, 119.74, 47.78, false),
	(188, '2025-08-08 22:30:36.486951+00', 2021, 2, 4, 9, 122.72, 116.3, false),
	(189, '2025-08-08 22:30:36.486951+00', 2021, 2, 3, 10, 107.82, 55.42, false),
	(190, '2025-08-08 22:30:36.486951+00', 2021, 2, 8, 7, 130.16, 88.72, false),
	(191, '2025-08-08 22:30:36.486951+00', 2021, 2, 6, 2, 100.2, 79.76, false),
	(192, '2025-08-08 22:30:36.486951+00', 2021, 6, 1, 7, 144.7, 96.94, false),
	(193, '2025-08-08 22:30:36.486951+00', 2021, 6, 2, 3, 99.62, 95.48, false),
	(194, '2025-08-08 22:30:36.486951+00', 2021, 6, 5, 9, 96.68, 93.76, false),
	(195, '2025-08-08 22:30:36.486951+00', 2021, 6, 4, 6, 111.4, 91, false),
	(196, '2025-08-08 22:30:36.486951+00', 2021, 6, 8, 10, 112.38, 88.76, false),
	(197, '2025-08-08 22:30:36.486951+00', 2021, 1, 1, 2, 120.82, 68.8, false),
	(198, '2025-08-08 22:30:36.486951+00', 2021, 1, 9, 7, 125.46, 81.46, false),
	(199, '2025-08-08 22:30:36.486951+00', 2021, 1, 8, 6, 110.6, 74.02, false),
	(200, '2025-08-08 22:30:36.486951+00', 2021, 1, 5, 10, 105.76, 104.18, false),
	(201, '2025-08-08 22:30:36.486951+00', 2021, 1, 3, 4, 124.08, 100.12, false),
	(202, '2025-08-08 22:30:36.486951+00', 2021, 5, 4, 1, 132.32, 124.38, false),
	(203, '2025-08-08 22:30:36.486951+00', 2021, 5, 8, 3, 129.08, 90.98, false),
	(204, '2025-08-08 22:30:36.486951+00', 2021, 5, 5, 2, 132.74, 110.4, false),
	(205, '2025-08-08 22:30:36.486951+00', 2021, 5, 7, 6, 132.18, 113.96, false),
	(206, '2025-08-08 22:30:36.486951+00', 2021, 5, 9, 10, 127.46, 94.32, false),
	(207, '2025-08-08 22:30:36.486951+00', 2021, 4, 1, 3, 112.02, 102.32, false),
	(208, '2025-08-08 22:30:36.486951+00', 2021, 4, 7, 10, 109.66, 97.78, false),
	(209, '2025-08-08 22:30:36.486951+00', 2021, 4, 9, 6, 83.72, 80.02, false),
	(210, '2025-08-08 22:30:36.486951+00', 2021, 4, 5, 8, 105.26, 65.88, false),
	(211, '2025-08-08 22:30:36.486951+00', 2021, 4, 2, 4, 115.52, 76.38, false),
	(212, '2025-08-08 22:30:36.486951+00', 2021, 7, 8, 1, 107.88, 98.28, false),
	(213, '2025-08-08 22:30:36.486951+00', 2021, 7, 7, 5, 115.76, 86.34, false),
	(214, '2025-08-08 22:30:36.486951+00', 2021, 7, 6, 3, 124.06, 113.34, false),
	(215, '2025-08-08 22:30:36.486951+00', 2021, 7, 4, 10, 98.34, 74.7, false),
	(216, '2025-08-08 22:30:36.486951+00', 2021, 7, 2, 9, 112.82, 90.84, false),
	(217, '2025-08-08 22:30:36.486951+00', 2021, 3, 1, 6, 89.42, 87.34, false),
	(218, '2025-08-08 22:30:36.486951+00', 2021, 3, 7, 3, 93.32, 74.2, false),
	(219, '2025-08-08 22:30:36.486951+00', 2021, 3, 9, 8, 105.34, 63.18, false),
	(220, '2025-08-08 22:30:36.486951+00', 2021, 3, 2, 10, 124.42, 85.64, false),
	(221, '2025-08-08 22:30:36.486951+00', 2021, 3, 4, 5, 116.44, 96.48, false),
	(222, '2025-08-08 22:30:36.486951+00', 2021, 9, 1, 10, 84.98, 61.32, false),
	(223, '2025-08-08 22:30:36.486951+00', 2021, 9, 4, 7, 111.34, 84.86, false),
	(224, '2025-08-08 22:30:36.486951+00', 2021, 9, 8, 2, 107.64, 79.36, false),
	(225, '2025-08-08 22:30:36.486951+00', 2021, 9, 3, 9, 96.24, 45.7, false),
	(226, '2025-08-08 22:30:36.486951+00', 2021, 9, 6, 5, 101, 57.8, false),
	(227, '2025-08-08 22:30:36.486951+00', 2021, 15, 4, 1, 111.54, 92.48, false),
	(228, '2025-08-08 22:30:36.486951+00', 2021, 15, 6, 5, 100.22, 33.76, false),
	(229, '2025-08-08 22:30:36.486951+00', 2021, 15, 10, 9, 75.72, 75.38, false),
	(230, '2025-08-08 22:30:36.486951+00', 2021, 15, 2, 3, 100, 98, false),
	(231, '2025-08-08 22:30:36.486951+00', 2021, 15, 8, 7, 78.94, 60.86, false),
	(232, '2025-08-08 22:30:36.486951+00', 2021, 11, 1, 7, 115.24, 70.72, false),
	(233, '2025-08-08 22:30:36.486951+00', 2021, 11, 4, 3, 121.48, 99.8, false),
	(234, '2025-08-08 22:30:36.486951+00', 2021, 11, 6, 9, 127.1, 70.52, false),
	(235, '2025-08-08 22:30:36.486951+00', 2021, 11, 8, 10, 121.48, 81.02, false),
	(236, '2025-08-08 22:30:36.486951+00', 2021, 11, 5, 2, 86.78, 73.36, false),
	(237, '2025-08-08 22:30:36.486951+00', 2021, 12, 1, 5, 100.4, 86.74, false),
	(238, '2025-08-08 22:30:36.486951+00', 2021, 12, 6, 7, 146.58, 110.68, false),
	(239, '2025-08-08 22:30:36.486951+00', 2021, 12, 3, 10, 75.42, 46.42, false),
	(240, '2025-08-08 22:30:36.486951+00', 2021, 12, 4, 2, 118.68, 96.7, false),
	(241, '2025-08-08 22:30:36.486951+00', 2021, 12, 8, 9, 91.7, 61.3, false),
	(242, '2025-08-08 22:30:36.486951+00', 2021, 17, 1, 4, 121.74, 88.58, true),
	(243, '2025-08-08 22:30:36.486951+00', 2021, 17, 3, 2, 79.76, 79, true),
	(244, '2025-08-08 22:30:36.486951+00', 2021, 17, 7, 6, 89.16, 88.62, true),
	(245, '2025-08-08 22:30:36.486951+00', 2021, 17, 5, 8, 106.8, 104.86, true),
	(246, '2025-08-08 22:30:36.486951+00', 2021, 16, 1, 5, 108.9, 69.88, true),
	(247, '2025-08-08 22:30:36.486951+00', 2021, 16, 3, 6, 94.42, 88.08, true),
	(248, '2025-08-08 22:30:36.486951+00', 2021, 16, 2, 7, 112.26, 48.58, true),
	(249, '2025-08-08 22:30:36.486951+00', 2021, 16, 4, 8, 120.64, 98.26, true),
	(250, '2025-08-08 22:30:36.486951+00', 2020, 13, 1, 4, 109.62, 75.16, false),
	(251, '2025-08-08 22:30:36.486951+00', 2020, 13, 3, 8, 100.1, 99.68, false),
	(252, '2025-08-08 22:30:36.486951+00', 2020, 13, 6, 2, 121.22, 111.5, false),
	(253, '2025-08-08 22:30:36.486951+00', 2020, 13, 7, 10, 96.4, 89.14, false),
	(254, '2025-08-08 22:30:36.486951+00', 2020, 13, 9, 5, 85.5, 45.82, false),
	(255, '2025-08-08 22:30:36.486951+00', 2020, 8, 8, 1, 89.92, 68.92, false),
	(256, '2025-08-08 22:30:36.486951+00', 2020, 8, 5, 3, 118.04, 86.06, false),
	(257, '2025-08-08 22:30:36.486951+00', 2020, 8, 9, 10, 104.54, 96.04, false),
	(258, '2025-08-08 22:30:36.486951+00', 2020, 8, 7, 6, 130.1, 82.94, false),
	(259, '2025-08-08 22:30:36.486951+00', 2020, 8, 2, 4, 88.56, 80.42, false),
	(260, '2025-08-08 22:30:36.486951+00', 2020, 10, 1, 5, 104.8, 68.62, false),
	(261, '2025-08-08 22:30:36.486951+00', 2020, 10, 3, 7, 109.34, 53.54, false),
	(262, '2025-08-08 22:30:36.486951+00', 2020, 10, 9, 2, 101.8, 83.66, false),
	(263, '2025-08-08 22:30:36.486951+00', 2020, 10, 8, 10, 133.26, 62.92, false),
	(264, '2025-08-08 22:30:36.486951+00', 2020, 10, 6, 4, 99.32, 67.88, false),
	(265, '2025-08-08 22:30:36.486951+00', 2020, 14, 10, 1, 110.56, 101.16, false),
	(266, '2025-08-08 22:30:36.486951+00', 2020, 14, 4, 3, 111.62, 98.18, false),
	(267, '2025-08-08 22:30:36.486951+00', 2020, 14, 8, 6, 121.92, 61.24, false),
	(268, '2025-08-08 22:30:36.486951+00', 2020, 14, 5, 2, 118.52, 101.82, false),
	(269, '2025-08-08 22:30:36.486951+00', 2020, 14, 9, 7, 110.2, 86.3, false),
	(270, '2025-08-08 22:30:36.486951+00', 2020, 2, 1, 7, 150.84, 133.68, false),
	(271, '2025-08-08 22:30:36.486951+00', 2020, 2, 2, 3, 123.6, 102.9, false),
	(272, '2025-08-08 22:30:36.486951+00', 2020, 2, 8, 9, 120.92, 106, false),
	(273, '2025-08-08 22:30:36.486951+00', 2020, 2, 4, 5, 126.66, 99.78, false),
	(274, '2025-08-08 22:30:36.486951+00', 2020, 2, 6, 10, 88.62, 81.1, false),
	(275, '2025-08-08 22:30:36.486951+00', 2020, 6, 1, 9, 109.32, 57.3, false),
	(276, '2025-08-08 22:30:36.486951+00', 2020, 6, 6, 3, 129.74, 104.94, false),
	(277, '2025-08-08 22:30:36.486951+00', 2020, 6, 10, 4, 115.1, 78.66, false),
	(278, '2025-08-08 22:30:36.486951+00', 2020, 6, 8, 5, 87.58, 85, false),
	(279, '2025-08-08 22:30:36.486951+00', 2020, 6, 2, 7, 95.78, 79.42, false),
	(280, '2025-08-08 22:30:36.486951+00', 2020, 1, 1, 5, 126, 72.34, false),
	(281, '2025-08-08 22:30:36.486951+00', 2020, 1, 3, 7, 89.24, 76.9, false),
	(282, '2025-08-08 22:30:36.486951+00', 2020, 1, 9, 2, 115.86, 98.48, false),
	(283, '2025-08-08 22:30:36.486951+00', 2020, 1, 8, 10, 140.2, 110.12, false),
	(284, '2025-08-08 22:30:36.486951+00', 2020, 1, 6, 4, 121.78, 71.2, false),
	(285, '2025-08-08 22:30:36.486951+00', 2020, 5, 10, 1, 119.46, 99.1, false),
	(286, '2025-08-08 22:30:36.486951+00', 2020, 5, 4, 3, 97.9, 76.04, false),
	(287, '2025-08-08 22:30:36.486951+00', 2020, 5, 8, 6, 99.34, 77.68, false),
	(288, '2025-08-08 22:30:36.486951+00', 2020, 5, 5, 2, 93.2, 71.14, false),
	(289, '2025-08-08 22:30:36.486951+00', 2020, 5, 9, 7, 112.36, 105.6, false),
	(290, '2025-08-08 22:30:36.486951+00', 2020, 4, 1, 4, 118.92, 62.82, false),
	(291, '2025-08-08 22:30:36.486951+00', 2020, 4, 3, 8, 118.68, 77.4, false),
	(292, '2025-08-08 22:30:36.486951+00', 2020, 4, 2, 6, 125.12, 66.9, false),
	(293, '2025-08-08 22:30:36.486951+00', 2020, 4, 7, 10, 113.24, 85.14, false),
	(294, '2025-08-08 22:30:36.486951+00', 2020, 4, 5, 9, 109.14, 85.98, false),
	(295, '2025-08-08 22:30:36.486951+00', 2020, 7, 1, 2, 134.5, 62.58, false),
	(296, '2025-08-08 22:30:36.486951+00', 2020, 7, 3, 10, 122.16, 76.56, false),
	(297, '2025-08-08 22:30:36.486951+00', 2020, 7, 6, 5, 137.82, 81.1, false),
	(298, '2025-08-08 22:30:36.486951+00', 2020, 7, 4, 9, 94.58, 80.72, false),
	(299, '2025-08-08 22:30:36.486951+00', 2020, 7, 8, 7, 100.22, 96.92, false),
	(300, '2025-08-08 22:30:36.486951+00', 2020, 3, 1, 3, 116, 98.08, false),
	(301, '2025-08-08 22:30:36.486951+00', 2020, 3, 8, 2, 101.88, 94.84, false),
	(302, '2025-08-08 22:30:36.486951+00', 2020, 3, 7, 4, 136.74, 96.58, false),
	(303, '2025-08-08 22:30:36.486951+00', 2020, 3, 9, 6, 98.92, 75.4, false),
	(304, '2025-08-08 22:30:36.486951+00', 2020, 3, 5, 10, 114.2, 97.8, false),
	(305, '2025-08-08 22:30:36.486951+00', 2020, 9, 1, 6, 123.02, 97.9, false),
	(306, '2025-08-08 22:30:36.486951+00', 2020, 9, 9, 3, 115.4, 66.76, false),
	(307, '2025-08-08 22:30:36.486951+00', 2020, 9, 7, 5, 98.28, 77.78, false),
	(308, '2025-08-08 22:30:36.486951+00', 2020, 9, 2, 10, 139.1, 109.14, false),
	(309, '2025-08-08 22:30:36.486951+00', 2020, 9, 4, 8, 74.64, 56.3, false),
	(310, '2025-08-08 22:30:36.486951+00', 2020, 15, 1, 8, 146.14, 115.12, false),
	(311, '2025-08-08 22:30:36.486951+00', 2020, 15, 4, 6, 112.26, 109.74, false),
	(312, '2025-08-08 22:30:36.486951+00', 2020, 15, 3, 7, 87.92, 82.64, false),
	(313, '2025-08-08 22:30:36.486951+00', 2020, 15, 2, 9, 121.26, 113.62, false),
	(314, '2025-08-08 22:30:36.486951+00', 2020, 11, 7, 1, 113.6, 100.56, false),
	(315, '2025-08-08 22:30:36.486951+00', 2020, 11, 2, 3, 103.22, 94.34, false),
	(316, '2025-08-08 22:30:36.486951+00', 2020, 11, 9, 8, 99.84, 82.84, false),
	(317, '2025-08-08 22:30:36.486951+00', 2020, 11, 4, 5, 114.54, 80.22, false),
	(318, '2025-08-08 22:30:36.486951+00', 2020, 11, 10, 6, 103.46, 86.78, false),
	(319, '2025-08-08 22:30:36.486951+00', 2020, 12, 3, 1, 105.04, 92.1, false),
	(320, '2025-08-08 22:30:36.486951+00', 2020, 12, 2, 8, 119.58, 73.52, false),
	(321, '2025-08-08 22:30:36.486951+00', 2020, 12, 4, 7, 118.24, 58.96, false),
	(322, '2025-08-08 22:30:36.486951+00', 2020, 12, 9, 6, 120.64, 80.4, false),
	(323, '2025-08-08 22:30:36.486951+00', 2020, 12, 10, 5, 153.22, 94.28, false),
	(324, '2025-08-08 22:30:36.486951+00', 2020, 16, 2, 1, 115.6, 71.38, true),
	(325, '2025-08-08 22:30:36.486951+00', 2020, 16, 4, 3, 106.72, 82.24, true),
	(326, '2025-08-08 22:30:36.486951+00', 2020, 16, 6, 7, 131.3, 85.76, true),
	(327, '2025-08-08 22:30:36.486951+00', 2020, 16, 8, 9, 139.32, 107.34, true),
	(328, '2025-08-08 22:30:36.486951+00', 2019, 13, 4, 1, 83.06, 75.2, false),
	(329, '2025-08-08 22:30:36.486951+00', 2019, 13, 8, 3, 75, 63.86, false),
	(330, '2025-08-08 22:30:36.486951+00', 2019, 13, 2, 6, 88.1, 86.92, false),
	(331, '2025-08-08 22:30:36.486951+00', 2019, 13, 7, 10, 95.12, 87.3, false),
	(332, '2025-08-08 22:30:36.486951+00', 2019, 13, 9, 5, 97.3, 93.06, false),
	(333, '2025-08-08 22:30:36.486951+00', 2019, 8, 1, 8, 123.88, 96.88, false),
	(334, '2025-08-08 22:30:36.486951+00', 2019, 8, 5, 3, 104.76, 94.3, false),
	(335, '2025-08-08 22:30:36.486951+00', 2019, 8, 10, 9, 97.76, 75.26, false),
	(336, '2025-08-08 22:30:36.486951+00', 2019, 8, 6, 7, 127.2, 98.7, false),
	(337, '2025-08-08 22:30:36.486951+00', 2019, 8, 4, 2, 136.18, 103.18, false),
	(338, '2025-08-08 22:30:36.486951+00', 2019, 10, 1, 5, 97.82, 93, false),
	(339, '2025-08-08 22:30:36.486951+00', 2019, 10, 7, 3, 117.02, 79.48, false),
	(340, '2025-08-08 22:30:36.486951+00', 2019, 10, 9, 2, 131.12, 104.48, false),
	(341, '2025-08-08 22:30:36.486951+00', 2019, 10, 8, 10, 85.18, 74.32, false),
	(342, '2025-08-08 22:30:36.486951+00', 2019, 10, 6, 4, 86.12, 49.1, false),
	(343, '2025-08-08 22:30:36.486951+00', 2019, 14, 1, 10, 115.8, 79.78, false),
	(344, '2025-08-08 22:30:36.486951+00', 2019, 14, 4, 3, 121.4, 115.66, false),
	(345, '2025-08-08 22:30:36.486951+00', 2019, 14, 6, 8, 108.42, 65.96, false),
	(346, '2025-08-08 22:30:36.486951+00', 2019, 14, 5, 2, 119.58, 72.5, false),
	(347, '2025-08-08 22:30:36.486951+00', 2019, 14, 9, 7, 101.9, 82.3, false),
	(348, '2025-08-08 22:30:36.486951+00', 2019, 2, 1, 7, 101.14, 93.66, false),
	(349, '2025-08-08 22:30:36.486951+00', 2019, 2, 2, 3, 103.66, 49.72, false),
	(350, '2025-08-08 22:30:36.486951+00', 2019, 2, 8, 9, 98.9, 83.48, false),
	(351, '2025-08-08 22:30:36.486951+00', 2019, 2, 4, 5, 97.62, 87.56, false),
	(352, '2025-08-08 22:30:36.486951+00', 2019, 2, 10, 6, 100.72, 98.9, false),
	(353, '2025-08-08 22:30:36.486951+00', 2019, 6, 9, 1, 93.84, 87.64, false),
	(354, '2025-08-08 22:30:36.486951+00', 2019, 6, 3, 6, 125.5, 123.54, false),
	(355, '2025-08-08 22:30:36.486951+00', 2019, 6, 10, 4, 83.72, 77.62, false),
	(356, '2025-08-08 22:30:36.486951+00', 2019, 6, 5, 8, 94.5, 75.8, false),
	(357, '2025-08-08 22:30:36.486951+00', 2019, 6, 2, 7, 93.8, 75.76, false),
	(358, '2025-08-08 22:30:36.486951+00', 2019, 1, 5, 1, 135.62, 87.82, false),
	(359, '2025-08-08 22:30:36.486951+00', 2019, 1, 7, 3, 111.02, 78.7, false),
	(360, '2025-08-08 22:30:36.486951+00', 2019, 1, 2, 9, 82.4, 74.26, false),
	(361, '2025-08-08 22:30:36.486951+00', 2019, 1, 8, 10, 111, 106.72, false),
	(362, '2025-08-08 22:30:36.486951+00', 2019, 1, 6, 4, 125.74, 63.64, false),
	(363, '2025-08-08 22:30:36.486951+00', 2019, 5, 1, 10, 100.36, 60.34, false),
	(364, '2025-08-08 22:30:36.486951+00', 2019, 5, 3, 4, 95.96, 86.3, false),
	(365, '2025-08-08 22:30:36.486951+00', 2019, 5, 6, 8, 128.26, 87.84, false),
	(366, '2025-08-08 22:30:36.486951+00', 2019, 5, 5, 2, 131.04, 130.82, false),
	(367, '2025-08-08 22:30:36.486951+00', 2019, 5, 7, 9, 151.02, 101.26, false),
	(368, '2025-08-08 22:30:36.486951+00', 2019, 4, 4, 1, 146.18, 102.4, false),
	(369, '2025-08-08 22:30:36.486951+00', 2019, 4, 8, 3, 80.3, 69.14, false),
	(370, '2025-08-08 22:30:36.486951+00', 2019, 4, 6, 2, 110.38, 70.6, false),
	(371, '2025-08-08 22:30:36.486951+00', 2019, 4, 7, 10, 81.18, 71.9, false),
	(372, '2025-08-08 22:30:36.486951+00', 2019, 4, 9, 5, 89.68, 84.4, false),
	(373, '2025-08-08 22:30:36.486951+00', 2019, 7, 2, 1, 106.14, 81.74, false),
	(374, '2025-08-08 22:30:36.486951+00', 2019, 7, 10, 3, 90.54, 56.56, false),
	(375, '2025-08-08 22:30:36.486951+00', 2019, 7, 6, 5, 74.96, 71.52, false),
	(376, '2025-08-08 22:30:36.486951+00', 2019, 7, 9, 4, 157.22, 80.72, false),
	(377, '2025-08-08 22:30:36.486951+00', 2019, 7, 7, 8, 110.26, 84.56, false),
	(378, '2025-08-08 22:30:36.486951+00', 2019, 3, 1, 3, 108.16, 72.02, false),
	(379, '2025-08-08 22:30:36.486951+00', 2019, 3, 2, 8, 104.44, 73.6, false),
	(380, '2025-08-08 22:30:36.486951+00', 2019, 3, 4, 7, 134.04, 90.84, false),
	(381, '2025-08-08 22:30:36.486951+00', 2019, 3, 9, 6, 123.98, 100.26, false),
	(382, '2025-08-08 22:30:36.486951+00', 2019, 3, 5, 10, 128.04, 97.46, false),
	(383, '2025-08-08 22:30:36.486951+00', 2019, 9, 6, 1, 114.78, 83.36, false),
	(384, '2025-08-08 22:30:36.486951+00', 2019, 9, 9, 3, 117.9, 82.04, false),
	(385, '2025-08-08 22:30:36.486951+00', 2019, 9, 7, 5, 118.74, 89.3, false),
	(386, '2025-08-08 22:30:36.486951+00', 2019, 9, 2, 10, 112.12, 99.26, false),
	(387, '2025-08-08 22:30:36.486951+00', 2019, 9, 4, 8, 111.54, 67.28, false),
	(388, '2025-08-08 22:30:36.486951+00', 2019, 15, 1, 4, 104.34, 87.92, false),
	(389, '2025-08-08 22:30:36.486951+00', 2019, 15, 8, 2, 167.28, 60.24, false),
	(390, '2025-08-08 22:30:36.486951+00', 2019, 15, 7, 6, 120.26, 119, false),
	(391, '2025-08-08 22:30:36.486951+00', 2019, 15, 5, 9, 153.62, 103.38, false),
	(392, '2025-08-08 22:30:36.486951+00', 2019, 11, 7, 1, 70.34, 69.44, false),
	(393, '2025-08-08 22:30:36.486951+00', 2019, 11, 2, 3, 93.82, 63.92, false),
	(394, '2025-08-08 22:30:36.486951+00', 2019, 11, 8, 9, 101.16, 91.18, false),
	(395, '2025-08-08 22:30:36.486951+00', 2019, 11, 5, 4, 127.16, 62.92, false),
	(396, '2025-08-08 22:30:36.486951+00', 2019, 11, 6, 10, 86.66, 74.48, false),
	(397, '2025-08-08 22:30:36.486951+00', 2019, 12, 3, 1, 111.74, 77.04, false),
	(398, '2025-08-08 22:30:36.486951+00', 2019, 12, 8, 2, 100.18, 48.8, false),
	(399, '2025-08-08 22:30:36.486951+00', 2019, 12, 4, 7, 94.2, 72.76, false),
	(400, '2025-08-08 22:30:36.486951+00', 2019, 12, 9, 6, 122.96, 105.84, false),
	(401, '2025-08-08 22:30:36.486951+00', 2019, 12, 5, 10, 81.12, 43.38, false),
	(402, '2025-08-08 22:30:36.486951+00', 2018, 13, 4, 1, 123.78, 103.56, false),
	(403, '2025-08-08 22:30:36.486951+00', 2018, 13, 8, 3, 103.28, 89.26, false),
	(404, '2025-08-08 22:30:36.486951+00', 2018, 13, 6, 2, 95.32, 69.08, false),
	(405, '2025-08-08 22:30:36.486951+00', 2018, 13, 7, 10, 113.74, 49.04, false),
	(406, '2025-08-08 22:30:36.486951+00', 2018, 13, 5, 9, 103.4, 71.5, false),
	(407, '2025-08-08 22:30:36.486951+00', 2018, 8, 1, 8, 105.82, 78.1, false),
	(408, '2025-08-08 22:30:36.486951+00', 2018, 8, 5, 3, 105.76, 70.96, false),
	(409, '2025-08-08 22:30:36.486951+00', 2018, 8, 10, 9, 96.34, 93.38, false),
	(410, '2025-08-08 22:30:36.486951+00', 2018, 8, 7, 6, 124, 107.74, false),
	(411, '2025-08-08 22:30:36.486951+00', 2018, 8, 2, 4, 100.56, 87.6, false),
	(412, '2025-08-08 22:30:36.486951+00', 2018, 10, 1, 5, 120.16, 117, false),
	(413, '2025-08-08 22:30:36.486951+00', 2018, 10, 7, 3, 115.94, 114.86, false),
	(414, '2025-08-08 22:30:36.486951+00', 2018, 10, 2, 9, 86.02, 57.92, false),
	(415, '2025-08-08 22:30:36.486951+00', 2018, 10, 8, 10, 147.9, 136.94, false),
	(416, '2025-08-08 22:30:36.486951+00', 2018, 10, 6, 4, 94.56, 79, false),
	(417, '2025-08-08 22:30:36.486951+00', 2018, 14, 1, 10, 99.88, 98.88, false),
	(418, '2025-08-08 22:30:36.486951+00', 2018, 14, 3, 4, 94.8, 71.72, false),
	(419, '2025-08-08 22:30:36.486951+00', 2018, 14, 6, 8, 109.94, 100.64, false),
	(420, '2025-08-08 22:30:36.486951+00', 2018, 14, 2, 5, 102, 91.56, false),
	(421, '2025-08-08 22:30:36.486951+00', 2018, 14, 9, 7, 107.2, 78.6, false),
	(422, '2025-08-08 22:30:36.486951+00', 2018, 2, 7, 1, 98.44, 90.4, false),
	(423, '2025-08-08 22:30:36.486951+00', 2018, 2, 2, 3, 124.7, 89.54, false),
	(424, '2025-08-08 22:30:36.486951+00', 2018, 2, 8, 9, 98.72, 97.92, false),
	(425, '2025-08-08 22:30:36.486951+00', 2018, 2, 5, 4, 97.58, 90.64, false),
	(426, '2025-08-08 22:30:36.486951+00', 2018, 2, 6, 10, 107.14, 82.94, false),
	(427, '2025-08-08 22:30:36.486951+00', 2018, 6, 9, 1, 84.3, 70.08, false),
	(428, '2025-08-08 22:30:36.486951+00', 2018, 6, 6, 3, 154.9, 154.5, false),
	(429, '2025-08-08 22:30:36.486951+00', 2018, 6, 4, 10, 122.2, 106.06, false),
	(430, '2025-08-08 22:30:36.486951+00', 2018, 6, 8, 5, 98.16, 72.94, false),
	(431, '2025-08-08 22:30:36.486951+00', 2018, 6, 7, 2, 137.12, 80.72, false),
	(432, '2025-08-08 22:30:36.486951+00', 2018, 1, 5, 1, 101.4, 87.84, false),
	(433, '2025-08-08 22:30:36.486951+00', 2018, 1, 3, 7, 101.18, 99.28, false),
	(434, '2025-08-08 22:30:36.486951+00', 2018, 1, 2, 9, 105.46, 87.44, false),
	(435, '2025-08-08 22:30:36.486951+00', 2018, 1, 10, 8, 109.72, 109.16, false),
	(436, '2025-08-08 22:30:36.486951+00', 2018, 1, 4, 6, 112.74, 93.54, false),
	(437, '2025-08-08 22:30:36.486951+00', 2018, 5, 1, 10, 85.88, 83.4, false),
	(438, '2025-08-08 22:30:36.486951+00', 2018, 5, 3, 4, 113.54, 69.1, false),
	(439, '2025-08-08 22:30:36.486951+00', 2018, 5, 6, 8, 112.98, 97.62, false),
	(440, '2025-08-08 22:30:36.486951+00', 2018, 5, 2, 5, 105.74, 98.8, false),
	(441, '2025-08-08 22:30:36.486951+00', 2018, 5, 7, 9, 118.84, 84.88, false),
	(442, '2025-08-08 22:30:36.486951+00', 2018, 4, 4, 1, 136.76, 91.66, false),
	(443, '2025-08-08 22:30:36.486951+00', 2018, 4, 3, 8, 137.36, 104.58, false),
	(444, '2025-08-08 22:30:36.486951+00', 2018, 4, 2, 6, 121.28, 90.12, false),
	(445, '2025-08-08 22:30:36.486951+00', 2018, 4, 7, 10, 114.02, 59.84, false),
	(446, '2025-08-08 22:30:36.486951+00', 2018, 4, 5, 9, 112.26, 103.4, false),
	(447, '2025-08-08 22:30:36.486951+00', 2018, 7, 2, 1, 107.28, 100.62, false),
	(448, '2025-08-08 22:30:36.486951+00', 2018, 7, 3, 10, 88.78, 73.16, false),
	(449, '2025-08-08 22:30:36.486951+00', 2018, 7, 6, 5, 113.58, 80.44, false),
	(450, '2025-08-08 22:30:36.486951+00', 2018, 7, 4, 9, 137.86, 79.76, false),
	(451, '2025-08-08 22:30:36.486951+00', 2018, 7, 7, 8, 116.5, 64.58, false),
	(452, '2025-08-08 22:30:36.486951+00', 2018, 3, 1, 3, 101.76, 68.62, false),
	(453, '2025-08-08 22:30:36.486951+00', 2018, 3, 8, 2, 117.12, 75.24, false),
	(454, '2025-08-08 22:30:36.486951+00', 2018, 3, 4, 7, 112.74, 88.8, false),
	(455, '2025-08-08 22:30:36.486951+00', 2018, 3, 9, 6, 96.9, 90.4, false),
	(456, '2025-08-08 22:30:36.486951+00', 2018, 3, 5, 10, 97.1, 66.8, false),
	(457, '2025-08-08 22:30:36.486951+00', 2018, 9, 6, 1, 82.36, 67.7, false),
	(458, '2025-08-08 22:30:36.486951+00', 2018, 9, 3, 9, 101.56, 85.58, false),
	(459, '2025-08-08 22:30:36.486951+00', 2018, 9, 7, 5, 91.58, 77.84, false),
	(460, '2025-08-08 22:30:36.486951+00', 2018, 9, 10, 2, 112.02, 108.04, false),
	(461, '2025-08-08 22:30:36.486951+00', 2018, 9, 8, 4, 149.04, 111.6, false),
	(462, '2025-08-08 22:30:36.486951+00', 2018, 11, 1, 7, 146.52, 57.84, false),
	(463, '2025-08-08 22:30:36.486951+00', 2018, 11, 3, 2, 97.34, 86.12, false),
	(464, '2025-08-08 22:30:36.486951+00', 2018, 11, 8, 9, 122.42, 71.88, false),
	(465, '2025-08-08 22:30:36.486951+00', 2018, 11, 5, 4, 134.78, 81.64, false),
	(466, '2025-08-08 22:30:36.486951+00', 2018, 11, 6, 10, 133.38, 104.96, false),
	(467, '2025-08-08 22:30:36.486951+00', 2018, 12, 3, 1, 127.32, 111.9, false),
	(468, '2025-08-08 22:30:36.486951+00', 2018, 12, 8, 2, 122.64, 106.18, false),
	(469, '2025-08-08 22:30:36.486951+00', 2018, 12, 7, 4, 102.24, 90.18, false),
	(470, '2025-08-08 22:30:36.486951+00', 2018, 12, 6, 9, 90.72, 65.54, false),
	(471, '2025-08-08 22:30:36.486951+00', 2018, 12, 5, 10, 100.02, 89.76, false),
	(472, '2025-08-08 22:30:36.486951+00', 2017, 13, 1, 12, 139.02, 73.86, false),
	(473, '2025-08-08 22:30:36.486951+00', 2017, 13, 8, 3, 103.32, 90.92, false),
	(474, '2025-08-08 22:30:36.486951+00', 2017, 13, 2, 6, 91.04, 81.38, false),
	(475, '2025-08-08 22:30:36.486951+00', 2017, 13, 7, 4, 105.9, 65.26, false),
	(476, '2025-08-08 22:30:36.486951+00', 2017, 13, 5, 9, 116.7, 56.26, false),
	(477, '2025-08-08 22:30:36.486951+00', 2017, 8, 1, 8, 110.86, 65.96, false),
	(478, '2025-08-08 22:30:36.486951+00', 2017, 8, 5, 3, 120.32, 94.62, false),
	(479, '2025-08-08 22:30:36.486951+00', 2017, 8, 4, 9, 81.22, 56.4, false),
	(480, '2025-08-08 22:30:36.486951+00', 2017, 8, 6, 7, 120.38, 75.38, false),
	(481, '2025-08-08 22:30:36.486951+00', 2017, 8, 2, 12, 85.02, 77.76, false),
	(482, '2025-08-08 22:30:36.486951+00', 2017, 10, 5, 1, 107.6, 94.16, false),
	(483, '2025-08-08 22:30:36.486951+00', 2017, 10, 3, 7, 116.94, 68.54, false),
	(484, '2025-08-08 22:30:36.486951+00', 2017, 10, 2, 9, 84.54, 63.3, false),
	(485, '2025-08-08 22:30:36.486951+00', 2017, 10, 8, 4, 78, 73.44, false),
	(486, '2025-08-08 22:30:36.486951+00', 2017, 10, 12, 6, 83.36, 78.12, false),
	(487, '2025-08-08 22:30:36.486951+00', 2017, 14, 1, 4, 113.56, 99.06, false),
	(488, '2025-08-08 22:30:36.486951+00', 2017, 14, 3, 12, 81.22, 76.24, false),
	(489, '2025-08-08 22:30:36.486951+00', 2017, 14, 6, 8, 87.7, 75.64, false),
	(490, '2025-08-08 22:30:36.486951+00', 2017, 14, 2, 5, 112.04, 82.56, false),
	(491, '2025-08-08 22:30:36.486951+00', 2017, 14, 7, 9, 109.22, 76.34, false),
	(492, '2025-08-08 22:30:36.486951+00', 2017, 2, 1, 7, 87.12, 84.78, false),
	(493, '2025-08-08 22:30:36.486951+00', 2017, 2, 3, 2, 78.88, 77.56, false),
	(494, '2025-08-08 22:30:36.486951+00', 2017, 2, 8, 9, 94.48, 74.92, false),
	(495, '2025-08-08 22:30:36.486951+00', 2017, 2, 5, 12, 99.6, 91.74, false),
	(496, '2025-08-08 22:30:36.486951+00', 2017, 2, 6, 4, 101.72, 76.64, false),
	(497, '2025-08-08 22:30:36.486951+00', 2017, 6, 1, 9, 97.16, 44.72, false),
	(498, '2025-08-08 22:30:36.486951+00', 2017, 6, 3, 6, 115.28, 112.62, false),
	(499, '2025-08-08 22:30:36.486951+00', 2017, 6, 4, 12, 82.22, 77.74, false),
	(500, '2025-08-08 22:30:36.486951+00', 2017, 6, 5, 8, 121.6, 41.92, false),
	(501, '2025-08-08 22:30:36.486951+00', 2017, 6, 7, 2, 99.14, 98.9, false),
	(502, '2025-08-08 22:30:36.486951+00', 2017, 1, 5, 1, 85.48, 75.54, false),
	(503, '2025-08-08 22:30:36.486951+00', 2017, 1, 7, 3, 96.22, 76.28, false),
	(504, '2025-08-08 22:30:36.486951+00', 2017, 1, 2, 9, 98.2, 83.94, false),
	(505, '2025-08-08 22:30:36.486951+00', 2017, 1, 4, 8, 63.92, 57.24, false),
	(506, '2025-08-08 22:30:36.486951+00', 2017, 1, 6, 12, 93.12, 71.74, false),
	(507, '2025-08-08 22:30:36.486951+00', 2017, 5, 1, 4, 112.9, 78.84, false),
	(508, '2025-08-08 22:30:36.486951+00', 2017, 5, 3, 12, 96.12, 62.46, false),
	(509, '2025-08-08 22:30:36.486951+00', 2017, 5, 6, 8, 89.82, 66.7, false),
	(510, '2025-08-08 22:30:36.486951+00', 2017, 5, 5, 2, 67.16, 51.14, false),
	(511, '2025-08-08 22:30:36.486951+00', 2017, 5, 7, 9, 109.86, 96.34, false),
	(512, '2025-08-08 22:30:36.486951+00', 2017, 4, 12, 1, 99.02, 93.2, false),
	(513, '2025-08-08 22:30:36.486951+00', 2017, 4, 3, 8, 84.68, 73.78, false),
	(514, '2025-08-08 22:30:36.486951+00', 2017, 4, 2, 6, 96.3, 84.6, false),
	(515, '2025-08-08 22:30:36.486951+00', 2017, 4, 4, 7, 92.38, 88.62, false),
	(516, '2025-08-08 22:30:36.486951+00', 2017, 4, 5, 9, 111.26, 49.76, false),
	(517, '2025-08-08 22:30:36.486951+00', 2017, 7, 2, 1, 120.02, 83.34, false),
	(518, '2025-08-08 22:30:36.486951+00', 2017, 7, 3, 4, 99.36, 85.46, false),
	(519, '2025-08-08 22:30:36.486951+00', 2017, 7, 5, 6, 116.28, 92.36, false),
	(520, '2025-08-08 22:30:36.486951+00', 2017, 7, 12, 9, 75.34, 73, false),
	(521, '2025-08-08 22:30:36.486951+00', 2017, 7, 7, 8, 100.98, 70.42, false),
	(522, '2025-08-08 22:30:36.486951+00', 2017, 3, 3, 1, 139.72, 76.88, false),
	(523, '2025-08-08 22:30:36.486951+00', 2017, 3, 2, 8, 97.7, 93.86, false),
	(524, '2025-08-08 22:30:36.486951+00', 2017, 3, 7, 12, 91.2, 89.2, false),
	(525, '2025-08-08 22:30:36.486951+00', 2017, 3, 6, 9, 142.62, 66.72, false),
	(526, '2025-08-08 22:30:36.486951+00', 2017, 3, 5, 4, 77.32, 45.48, false),
	(527, '2025-08-08 22:30:36.486951+00', 2017, 9, 1, 6, 81.58, 67.78, false),
	(528, '2025-08-08 22:30:36.486951+00', 2017, 9, 3, 9, 76.86, 50.58, false),
	(529, '2025-08-08 22:30:36.486951+00', 2017, 9, 5, 7, 88.2, 82.82, false),
	(530, '2025-08-08 22:30:36.486951+00', 2017, 9, 4, 2, 103.56, 90.88, false),
	(531, '2025-08-08 22:30:36.486951+00', 2017, 9, 8, 12, 100.22, 97.22, false),
	(532, '2025-08-08 22:30:36.486951+00', 2017, 11, 7, 1, 114.7, 97.6, false),
	(533, '2025-08-08 22:30:36.486951+00', 2017, 11, 3, 2, 137.3, 104.68, false),
	(534, '2025-08-08 22:30:36.486951+00', 2017, 11, 8, 9, 68.6, 57.36, false),
	(535, '2025-08-08 22:30:36.486951+00', 2017, 11, 5, 12, 99.58, 89.7, false),
	(536, '2025-08-08 22:30:36.486951+00', 2017, 11, 6, 4, 81.52, 70, false),
	(537, '2025-08-08 22:30:36.486951+00', 2017, 12, 3, 1, 86.92, 73.12, false),
	(538, '2025-08-08 22:30:36.486951+00', 2017, 12, 8, 2, 100.78, 91.88, false),
	(539, '2025-08-08 22:30:36.486951+00', 2017, 12, 7, 12, 164.64, 105.94, false),
	(540, '2025-08-08 22:30:36.486951+00', 2017, 12, 6, 9, 89.22, 67.06, false),
	(541, '2025-08-08 22:30:36.486951+00', 2017, 12, 5, 4, 128.72, 91.36, false),
	(542, '2025-08-08 22:30:36.486951+00', 2016, 13, 6, 1, 104.38, 60.54, false),
	(543, '2025-08-08 22:30:36.486951+00', 2016, 13, 8, 3, 126.62, 88.66, false),
	(544, '2025-08-08 22:30:36.486951+00', 2016, 13, 2, 4, 112.06, 93.74, false),
	(545, '2025-08-08 22:30:36.486951+00', 2016, 13, 7, 11, 101.76, 80.98, false),
	(546, '2025-08-08 22:30:36.486951+00', 2016, 13, 9, 5, 101.4, 78.44, false),
	(547, '2025-08-08 22:30:36.486951+00', 2016, 8, 1, 8, 103.1, 78.5, false),
	(548, '2025-08-08 22:30:36.486951+00', 2016, 8, 5, 3, 79.68, 54.38, false),
	(549, '2025-08-08 22:30:36.486951+00', 2016, 8, 9, 11, 102.86, 53.62, false),
	(550, '2025-08-08 22:30:36.486951+00', 2016, 8, 7, 4, 124.9, 75.1, false),
	(551, '2025-08-08 22:30:36.486951+00', 2016, 8, 2, 6, 113.34, 110.52, false),
	(552, '2025-08-08 22:30:36.486951+00', 2016, 10, 5, 1, 118.64, 86.1, false),
	(553, '2025-08-08 22:30:36.486951+00', 2016, 10, 3, 7, 106.12, 90.84, false),
	(554, '2025-08-08 22:30:36.486951+00', 2016, 10, 2, 9, 115.14, 66.2, false),
	(555, '2025-08-08 22:30:36.486951+00', 2016, 10, 11, 8, 106.02, 83.84, false),
	(556, '2025-08-08 22:30:36.486951+00', 2016, 10, 6, 4, 124.18, 102.02, false),
	(557, '2025-08-08 22:30:36.486951+00', 2016, 14, 11, 1, 81, 65.68, false),
	(558, '2025-08-08 22:30:36.486951+00', 2016, 14, 6, 3, 96.18, 78.4, false),
	(559, '2025-08-08 22:30:36.486951+00', 2016, 14, 8, 4, 85.04, 65.88, false),
	(560, '2025-08-08 22:30:36.486951+00', 2016, 14, 5, 2, 88.6, 45.24, false),
	(561, '2025-08-08 22:30:36.486951+00', 2016, 14, 7, 9, 117.04, 66.4, false),
	(562, '2025-08-08 22:30:36.486951+00', 2016, 2, 7, 1, 116.96, 75.36, false),
	(563, '2025-08-08 22:30:36.486951+00', 2016, 2, 2, 3, 111.12, 107.48, false),
	(564, '2025-08-08 22:30:36.486951+00', 2016, 2, 9, 8, 91.96, 70.28, false),
	(565, '2025-08-08 22:30:36.486951+00', 2016, 2, 5, 6, 96.52, 90.16, false),
	(566, '2025-08-08 22:30:36.486951+00', 2016, 2, 11, 4, 92.66, 91.82, false),
	(567, '2025-08-08 22:30:36.486951+00', 2016, 6, 1, 9, 106.64, 71.72, false),
	(568, '2025-08-08 22:30:36.486951+00', 2016, 6, 4, 3, 121.9, 80.86, false),
	(569, '2025-08-08 22:30:36.486951+00', 2016, 6, 11, 6, 122.7, 71, false),
	(570, '2025-08-08 22:30:36.486951+00', 2016, 6, 8, 5, 100.48, 76.38, false),
	(571, '2025-08-08 22:30:36.486951+00', 2016, 6, 7, 2, 100.94, 79.16, false),
	(572, '2025-08-08 22:30:36.486951+00', 2016, 1, 5, 1, 123.5, 99.2, false),
	(573, '2025-08-08 22:30:36.486951+00', 2016, 1, 7, 3, 105.76, 99.54, false),
	(574, '2025-08-08 22:30:36.486951+00', 2016, 1, 9, 2, 95.44, 90.16, false),
	(575, '2025-08-08 22:30:36.486951+00', 2016, 1, 11, 8, 109.02, 88.6, false),
	(576, '2025-08-08 22:30:36.486951+00', 2016, 1, 4, 6, 128.32, 84.4, false),
	(577, '2025-08-08 22:30:36.486951+00', 2016, 5, 1, 11, 64.72, 63.66, false),
	(578, '2025-08-08 22:30:36.486951+00', 2016, 5, 6, 3, 130.6, 94.66, false),
	(579, '2025-08-08 22:30:36.486951+00', 2016, 5, 8, 4, 116.88, 66.9, false),
	(580, '2025-08-08 22:30:36.486951+00', 2016, 5, 5, 2, 108.46, 102.36, false),
	(581, '2025-08-08 22:30:36.486951+00', 2016, 5, 7, 9, 123.44, 40.5, false),
	(582, '2025-08-08 22:30:36.486951+00', 2016, 4, 6, 1, 112.3, 82.58, false),
	(583, '2025-08-08 22:30:36.486951+00', 2016, 4, 3, 8, 101.84, 73.26, false),
	(584, '2025-08-08 22:30:36.486951+00', 2016, 4, 2, 4, 95.62, 93.98, false),
	(585, '2025-08-08 22:30:36.486951+00', 2016, 4, 7, 11, 101.76, 75.46, false),
	(586, '2025-08-08 22:30:36.486951+00', 2016, 4, 5, 9, 112.8, 55.72, false),
	(587, '2025-08-08 22:30:36.486951+00', 2016, 7, 2, 1, 125.74, 80.04, false),
	(588, '2025-08-08 22:30:36.486951+00', 2016, 7, 11, 3, 68.3, 57.26, false),
	(589, '2025-08-08 22:30:36.486951+00', 2016, 7, 5, 4, 115.94, 106.18, false),
	(590, '2025-08-08 22:30:36.486951+00', 2016, 7, 9, 6, 114.92, 114.22, false),
	(591, '2025-08-08 22:30:36.486951+00', 2016, 7, 8, 7, 115.52, 67.28, false),
	(592, '2025-08-08 22:30:36.486951+00', 2016, 3, 3, 1, 105.16, 66.46, false),
	(593, '2025-08-08 22:30:36.486951+00', 2016, 3, 8, 2, 104.44, 96.4, false),
	(594, '2025-08-08 22:30:36.486951+00', 2016, 3, 6, 7, 96.48, 66.86, false),
	(595, '2025-08-08 22:30:36.486951+00', 2016, 3, 4, 9, 113.54, 66.98, false),
	(596, '2025-08-08 22:30:36.486951+00', 2016, 3, 5, 11, 133.98, 81.72, false),
	(597, '2025-08-08 22:30:36.486951+00', 2016, 9, 4, 1, 116.22, 77.04, false),
	(598, '2025-08-08 22:30:36.486951+00', 2016, 9, 9, 3, 112.92, 74.06, false),
	(599, '2025-08-08 22:30:36.486951+00', 2016, 9, 5, 7, 99, 63.96, false),
	(600, '2025-08-08 22:30:36.486951+00', 2016, 9, 11, 2, 124.68, 106.48, false),
	(601, '2025-08-08 22:30:36.486951+00', 2016, 9, 6, 8, 148.76, 76.84, false),
	(602, '2025-08-08 22:30:36.486951+00', 2016, 11, 7, 1, 105.2, 84.88, false),
	(603, '2025-08-08 22:30:36.486951+00', 2016, 11, 2, 3, 95.44, 71.38, false),
	(604, '2025-08-08 22:30:36.486951+00', 2016, 11, 8, 9, 104.38, 56.52, false),
	(605, '2025-08-08 22:30:36.486951+00', 2016, 11, 6, 5, 96.24, 93.18, false),
	(606, '2025-08-08 22:30:36.486951+00', 2016, 11, 4, 11, 90.7, 87.78, false),
	(607, '2025-08-08 22:30:36.486951+00', 2016, 12, 3, 1, 88.34, 75.44, false),
	(608, '2025-08-08 22:30:36.486951+00', 2016, 12, 2, 8, 96.02, 77.36, false),
	(609, '2025-08-08 22:30:36.486951+00', 2016, 12, 6, 7, 131.26, 109.94, false),
	(610, '2025-08-08 22:30:36.486951+00', 2016, 12, 9, 4, 119.46, 100.9, false),
	(611, '2025-08-08 22:30:36.486951+00', 2016, 12, 5, 11, 99.04, 90.44, false),
	(612, '2025-08-08 22:30:36.486951+00', 2015, 13, 1, 7, 103.66, 79.88, false),
	(613, '2025-08-08 22:30:36.486951+00', 2015, 13, 2, 3, 116.14, 89.66, false),
	(614, '2025-08-08 22:30:36.486951+00', 2015, 13, 12, 8, 123.4, 110.18, false),
	(615, '2025-08-08 22:30:36.486951+00', 2015, 13, 10, 9, 98.26, 85.66, false),
	(616, '2025-08-08 22:30:36.486951+00', 2015, 13, 6, 5, 137.28, 65.88, false),
	(617, '2025-08-08 22:30:36.486951+00', 2015, 13, 4, 11, 107.9, 85.48, false),
	(618, '2025-08-08 22:30:36.486951+00', 2015, 8, 2, 1, 102.22, 82.38, false),
	(619, '2025-08-08 22:30:36.486951+00', 2015, 8, 11, 3, 117.5, 90.88, false),
	(620, '2025-08-08 22:30:36.486951+00', 2015, 8, 5, 4, 104.3, 81.78, false),
	(621, '2025-08-08 22:30:36.486951+00', 2015, 8, 9, 6, 92.9, 82.68, false),
	(622, '2025-08-08 22:30:36.486951+00', 2015, 8, 10, 12, 71.68, 47.6, false),
	(623, '2025-08-08 22:30:36.486951+00', 2015, 8, 8, 7, 96.94, 88.54, false),
	(624, '2025-08-08 22:30:36.486951+00', 2015, 10, 6, 1, 89.2, 69.62, false),
	(625, '2025-08-08 22:30:36.486951+00', 2015, 10, 9, 3, 75.1, 57.8, false),
	(626, '2025-08-08 22:30:36.486951+00', 2015, 10, 12, 5, 79.08, 67.12, false),
	(627, '2025-08-08 22:30:36.486951+00', 2015, 10, 11, 7, 96.06, 80.82, false),
	(628, '2025-08-08 22:30:36.486951+00', 2015, 10, 4, 2, 75.78, 68.58, false),
	(629, '2025-08-08 22:30:36.486951+00', 2015, 10, 8, 10, 124.46, 94.64, false),
	(630, '2025-08-08 22:30:36.486951+00', 2015, 14, 1, 3, 94.92, 62.88, false),
	(631, '2025-08-08 22:30:36.486951+00', 2015, 14, 2, 8, 126.4, 78.34, false),
	(632, '2025-08-08 22:30:36.486951+00', 2015, 14, 7, 10, 110.1, 69.46, false),
	(633, '2025-08-08 22:30:36.486951+00', 2015, 14, 12, 6, 72.16, 51.08, false),
	(634, '2025-08-08 22:30:36.486951+00', 2015, 14, 9, 4, 78.98, 77.4, false),
	(635, '2025-08-08 22:30:36.486951+00', 2015, 14, 11, 5, 100.78, 87.08, false),
	(636, '2025-08-08 22:30:36.486951+00', 2015, 2, 1, 7, 85.16, 64.2, false),
	(637, '2025-08-08 22:30:36.486951+00', 2015, 2, 3, 2, 103.94, 100.6, false),
	(638, '2025-08-08 22:30:36.486951+00', 2015, 2, 8, 12, 89.94, 57.16, false),
	(639, '2025-08-08 22:30:36.486951+00', 2015, 2, 9, 10, 91.44, 85.42, false),
	(640, '2025-08-08 22:30:36.486951+00', 2015, 2, 6, 5, 140.46, 41.3, false),
	(641, '2025-08-08 22:30:36.486951+00', 2015, 2, 4, 11, 114.74, 91.1, false),
	(642, '2025-08-08 22:30:36.486951+00', 2015, 6, 1, 5, 106.2, 69.26, false),
	(643, '2025-08-08 22:30:36.486951+00', 2015, 6, 3, 6, 96.2, 94.32, false),
	(644, '2025-08-08 22:30:36.486951+00', 2015, 6, 4, 10, 101.2, 75.3, false),
	(645, '2025-08-08 22:30:36.486951+00', 2015, 6, 8, 11, 112.08, 84.38, false),
	(646, '2025-08-08 22:30:36.486951+00', 2015, 6, 9, 2, 112.44, 93.36, false),
	(647, '2025-08-08 22:30:36.486951+00', 2015, 6, 7, 12, 142.48, 83.12, false),
	(648, '2025-08-08 22:30:36.486951+00', 2015, 1, 9, 1, 108.44, 96.96, false),
	(649, '2025-08-08 22:30:36.486951+00', 2015, 1, 3, 7, 103.6, 96.12, false),
	(650, '2025-08-08 22:30:36.486951+00', 2015, 1, 12, 2, 80.64, 72.3, false),
	(651, '2025-08-08 22:30:36.486951+00', 2015, 1, 5, 8, 126.54, 106.62, false),
	(652, '2025-08-08 22:30:36.486951+00', 2015, 1, 10, 11, 72.82, 58.6, false),
	(653, '2025-08-08 22:30:36.486951+00', 2015, 1, 6, 4, 125.24, 81.34, false),
	(654, '2025-08-08 22:30:36.486951+00', 2015, 5, 1, 4, 94.14, 65.66, false),
	(655, '2025-08-08 22:30:36.486951+00', 2015, 5, 3, 10, 88.24, 60.56, false),
	(656, '2025-08-08 22:30:36.486951+00', 2015, 5, 8, 6, 110, 99.28, false),
	(657, '2025-08-08 22:30:36.486951+00', 2015, 5, 11, 2, 90.9, 64.44, false),
	(658, '2025-08-08 22:30:36.486951+00', 2015, 5, 7, 5, 103.42, 86.94, false),
	(659, '2025-08-08 22:30:36.486951+00', 2015, 5, 9, 12, 92.22, 81.24, false),
	(660, '2025-08-08 22:30:36.486951+00', 2015, 4, 1, 10, 75.66, 67.54, false),
	(661, '2025-08-08 22:30:36.486951+00', 2015, 4, 8, 3, 114.72, 66.02, false),
	(662, '2025-08-08 22:30:36.486951+00', 2015, 4, 2, 6, 88.76, 50.5, false),
	(663, '2025-08-08 22:30:36.486951+00', 2015, 4, 4, 7, 101.54, 74.5, false),
	(664, '2025-08-08 22:30:36.486951+00', 2015, 4, 12, 11, 95.74, 65.94, false),
	(665, '2025-08-08 22:30:36.486951+00', 2015, 4, 5, 9, 81.36, 81.18, false),
	(666, '2025-08-08 22:30:36.486951+00', 2015, 7, 12, 1, 119.98, 52.2, false),
	(667, '2025-08-08 22:30:36.486951+00', 2015, 7, 4, 3, 128.74, 87.54, false),
	(668, '2025-08-08 22:30:36.486951+00', 2015, 7, 11, 6, 86, 67.02, false),
	(669, '2025-08-08 22:30:36.486951+00', 2015, 7, 10, 5, 82.54, 65.5, false),
	(670, '2025-08-08 22:30:36.486951+00', 2015, 7, 8, 9, 119.8, 65.1, false),
	(671, '2025-08-08 22:30:36.486951+00', 2015, 7, 7, 2, 107.82, 74.58, false),
	(672, '2025-08-08 22:30:36.486951+00', 2015, 3, 1, 3, 90.52, 78.86, false),
	(673, '2025-08-08 22:30:36.486951+00', 2015, 3, 2, 8, 134.1, 78.92, false),
	(674, '2025-08-08 22:30:36.486951+00', 2015, 3, 10, 7, 102.1, 84.3, false),
	(675, '2025-08-08 22:30:36.486951+00', 2015, 3, 6, 12, 116.98, 65.98, false),
	(676, '2025-08-08 22:30:36.486951+00', 2015, 3, 4, 9, 95.88, 86.5, false),
	(677, '2025-08-08 22:30:36.486951+00', 2015, 3, 11, 5, 147.6, 78.36, false),
	(678, '2025-08-08 22:30:36.486951+00', 2015, 9, 1, 8, 128.26, 101.66, false),
	(679, '2025-08-08 22:30:36.486951+00', 2015, 9, 5, 3, 103.12, 91.94, false),
	(680, '2025-08-08 22:30:36.486951+00', 2015, 9, 11, 9, 122.38, 67.9, false),
	(681, '2025-08-08 22:30:36.486951+00', 2015, 9, 4, 12, 103.34, 73.76, false),
	(682, '2025-08-08 22:30:36.486951+00', 2015, 9, 6, 7, 99.56, 75.44, false),
	(683, '2025-08-08 22:30:36.486951+00', 2015, 9, 2, 10, 104.88, 60.82, false),
	(684, '2025-08-08 22:30:36.486951+00', 2015, 11, 1, 11, 84.78, 71.72, false),
	(685, '2025-08-08 22:30:36.486951+00', 2015, 11, 3, 12, 101.34, 97.9, false),
	(686, '2025-08-08 22:30:36.486951+00', 2015, 11, 9, 7, 75.9, 48.88, false),
	(687, '2025-08-08 22:30:36.486951+00', 2015, 11, 2, 5, 96.24, 65.52, false),
	(688, '2025-08-08 22:30:36.486951+00', 2015, 11, 8, 4, 76.88, 50.16, false),
	(689, '2025-08-08 22:30:36.486951+00', 2015, 11, 6, 10, 86.18, 59.96, false),
	(690, '2025-08-08 22:30:36.486951+00', 2015, 12, 9, 1, 114.7, 95.18, false),
	(691, '2025-08-08 22:30:36.486951+00', 2015, 12, 3, 7, 98.54, 94.16, false),
	(692, '2025-08-08 22:30:36.486951+00', 2015, 12, 2, 12, 108.72, 104.12, false),
	(693, '2025-08-08 22:30:36.486951+00', 2015, 12, 8, 5, 119.8, 49.64, false),
	(694, '2025-08-08 22:30:36.486951+00', 2015, 12, 11, 10, 65.62, 48, false),
	(695, '2025-08-08 22:30:36.486951+00', 2015, 12, 4, 6, 61, 43.1, false),
	(696, '2025-08-08 22:30:36.486951+00', 2014, 13, 1, 2, 120.6, 89.46, false),
	(697, '2025-08-08 22:30:36.486951+00', 2014, 13, 3, 6, 178.4, 84.5, false),
	(698, '2025-08-08 22:30:36.486951+00', 2014, 13, 10, 4, 101.28, 88.18, false),
	(699, '2025-08-08 22:30:36.486951+00', 2014, 13, 5, 13, 113.62, 113, false),
	(700, '2025-08-08 22:30:36.486951+00', 2014, 8, 1, 6, 154.06, 91.68, false),
	(701, '2025-08-08 22:30:36.486951+00', 2014, 8, 13, 3, 140.96, 113.5, false),
	(702, '2025-08-08 22:30:36.486951+00', 2014, 8, 4, 2, 103.64, 94.14, false),
	(703, '2025-08-08 22:30:36.486951+00', 2014, 8, 10, 5, 92.34, 51.62, false),
	(704, '2025-08-08 22:30:36.486951+00', 2014, 10, 1, 3, 109.08, 73.82, false),
	(705, '2025-08-08 22:30:36.486951+00', 2014, 10, 5, 2, 114.5, 110.2, false),
	(706, '2025-08-08 22:30:36.486951+00', 2014, 10, 13, 10, 110.16, 99.62, false),
	(707, '2025-08-08 22:30:36.486951+00', 2014, 10, 6, 4, 142.18, 76.08, false),
	(708, '2025-08-08 22:30:36.486951+00', 2014, 14, 1, 5, 130.92, 67.38, false),
	(709, '2025-08-08 22:30:36.486951+00', 2014, 14, 3, 4, 166.56, 87.1, false),
	(710, '2025-08-08 22:30:36.486951+00', 2014, 14, 13, 6, 102.28, 92.74, false),
	(711, '2025-08-08 22:30:36.486951+00', 2014, 14, 10, 2, 118.4, 73.62, false),
	(712, '2025-08-08 22:30:36.486951+00', 2014, 2, 13, 1, 97.36, 93.24, false),
	(713, '2025-08-08 22:30:36.486951+00', 2014, 2, 3, 2, 83.08, 75.18, false),
	(714, '2025-08-08 22:30:36.486951+00', 2014, 2, 5, 4, 96.04, 84.58, false),
	(715, '2025-08-08 22:30:36.486951+00', 2014, 2, 10, 6, 104.02, 90.04, false),
	(716, '2025-08-08 22:30:36.486951+00', 2014, 6, 1, 2, 95.84, 79.68, false),
	(717, '2025-08-08 22:30:36.486951+00', 2014, 6, 6, 3, 83.94, 72.6, false),
	(718, '2025-08-08 22:30:36.486951+00', 2014, 6, 4, 10, 131.62, 87.94, false),
	(719, '2025-08-08 22:30:36.486951+00', 2014, 6, 13, 5, 112.64, 94.46, false),
	(720, '2025-08-08 22:30:36.486951+00', 2014, 1, 1, 6, 94.64, 77.36, false),
	(721, '2025-08-08 22:30:36.486951+00', 2014, 1, 3, 13, 167, 48.86, false),
	(722, '2025-08-08 22:30:36.486951+00', 2014, 1, 2, 4, 102.26, 90.12, false),
	(723, '2025-08-08 22:30:36.486951+00', 2014, 1, 10, 5, 106.18, 103.56, false),
	(724, '2025-08-08 22:30:36.486951+00', 2014, 5, 1, 4, 135.04, 85.04, false),
	(725, '2025-08-08 22:30:36.486951+00', 2014, 5, 3, 10, 78.88, 52.04, false),
	(726, '2025-08-08 22:30:36.486951+00', 2014, 5, 6, 5, 116.76, 90.04, false),
	(727, '2025-08-08 22:30:36.486951+00', 2014, 5, 2, 13, 104.26, 102.34, false),
	(728, '2025-08-08 22:30:36.486951+00', 2014, 4, 1, 10, 90.72, 85.08, false),
	(729, '2025-08-08 22:30:36.486951+00', 2014, 4, 3, 5, 109.72, 78.08, false),
	(730, '2025-08-08 22:30:36.486951+00', 2014, 4, 6, 2, 98.24, 71.48, false),
	(731, '2025-08-08 22:30:36.486951+00', 2014, 4, 13, 4, 133.72, 90.5, false),
	(732, '2025-08-08 22:30:36.486951+00', 2014, 7, 1, 5, 95.26, 65.1, false),
	(733, '2025-08-08 22:30:36.486951+00', 2014, 7, 4, 3, 111.88, 84.16, false),
	(734, '2025-08-08 22:30:36.486951+00', 2014, 7, 13, 6, 116.22, 61.7, false),
	(735, '2025-08-08 22:30:36.486951+00', 2014, 7, 10, 2, 106.84, 93.02, false),
	(736, '2025-08-08 22:30:36.486951+00', 2014, 3, 3, 1, 99, 94.44, false),
	(737, '2025-08-08 22:30:36.486951+00', 2014, 3, 2, 5, 82.82, 80.88, false),
	(738, '2025-08-08 22:30:36.486951+00', 2014, 3, 10, 13, 100.5, 76.64, false),
	(739, '2025-08-08 22:30:36.486951+00', 2014, 3, 6, 4, 96.6, 88.82, false),
	(740, '2025-08-08 22:30:36.486951+00', 2014, 9, 13, 1, 113.42, 94.16, false),
	(741, '2025-08-08 22:30:36.486951+00', 2014, 9, 2, 3, 95.42, 88.06, false),
	(742, '2025-08-08 22:30:36.486951+00', 2014, 9, 4, 5, 113.88, 104.8, false),
	(743, '2025-08-08 22:30:36.486951+00', 2014, 9, 6, 10, 110.34, 95.86, false),
	(744, '2025-08-08 22:30:36.486951+00', 2014, 11, 1, 10, 78.42, 68.7, false),
	(745, '2025-08-08 22:30:36.486951+00', 2014, 11, 5, 3, 117.04, 107.62, false),
	(746, '2025-08-08 22:30:36.486951+00', 2014, 11, 2, 6, 92.56, 90.5, false),
	(747, '2025-08-08 22:30:36.486951+00', 2014, 11, 4, 13, 92.9, 91.38, false),
	(748, '2025-08-08 22:30:36.486951+00', 2014, 12, 4, 1, 109.3, 98.56, false),
	(749, '2025-08-08 22:30:36.486951+00', 2014, 12, 10, 3, 116.62, 61.22, false),
	(750, '2025-08-08 22:30:36.486951+00', 2014, 12, 6, 5, 107.7, 65.86, false),
	(751, '2025-08-08 22:30:36.486951+00', 2014, 12, 2, 13, 112.08, 98.26, false),
	(752, '2025-08-08 22:30:36.486951+00', 2013, 13, 2, 1, 127.92, 116.52, false),
	(753, '2025-08-08 22:30:36.486951+00', 2013, 13, 6, 3, 121.48, 116.3, false),
	(754, '2025-08-08 22:30:36.486951+00', 2013, 13, 10, 4, 118.9, 104.9, false),
	(755, '2025-08-08 22:30:36.486951+00', 2013, 13, 13, 5, 96.9, 30.6, false),
	(756, '2025-08-08 22:30:36.486951+00', 2013, 8, 1, 6, 83.86, 76.8, false),
	(757, '2025-08-08 22:30:36.486951+00', 2013, 8, 13, 3, 104.98, 74.4, false),
	(758, '2025-08-08 22:30:36.486951+00', 2013, 8, 4, 2, 109.98, 105.64, false),
	(759, '2025-08-08 22:30:36.486951+00', 2013, 8, 10, 5, 116.02, 85.46, false),
	(760, '2025-08-08 22:30:36.486951+00', 2013, 10, 1, 3, 106.68, 87.92, false),
	(761, '2025-08-08 22:30:36.486951+00', 2013, 10, 2, 5, 111.9, 70.24, false),
	(762, '2025-08-08 22:30:36.486951+00', 2013, 10, 10, 13, 82.16, 80.12, false),
	(763, '2025-08-08 22:30:36.486951+00', 2013, 10, 4, 6, 125.78, 51.36, false),
	(764, '2025-08-08 22:30:36.486951+00', 2013, 14, 1, 5, 125.2, 90.92, false),
	(765, '2025-08-08 22:30:36.486951+00', 2013, 14, 4, 3, 137.32, 113.44, false),
	(766, '2025-08-08 22:30:36.486951+00', 2013, 14, 13, 6, 95.86, 86.36, false),
	(767, '2025-08-08 22:30:36.486951+00', 2013, 14, 2, 10, 122.08, 88.44, false),
	(768, '2025-08-08 22:30:36.486951+00', 2013, 2, 1, 13, 116.46, 100.1, false),
	(769, '2025-08-08 22:30:36.486951+00', 2013, 2, 3, 2, 99.14, 62.08, false),
	(770, '2025-08-08 22:30:36.486951+00', 2013, 2, 4, 5, 106.28, 92.98, false),
	(771, '2025-08-08 22:30:36.486951+00', 2013, 2, 6, 10, 124.3, 115.52, false),
	(772, '2025-08-08 22:30:36.486951+00', 2013, 6, 1, 2, 111.08, 82.6, false),
	(773, '2025-08-08 22:30:36.486951+00', 2013, 6, 3, 6, 126.68, 105.5, false),
	(774, '2025-08-08 22:30:36.486951+00', 2013, 6, 10, 4, 98.62, 73.74, false),
	(775, '2025-08-08 22:30:36.486951+00', 2013, 6, 13, 5, 101.7, 56.48, false),
	(776, '2025-08-08 22:30:36.486951+00', 2013, 1, 6, 1, 139.22, 87.46, false),
	(777, '2025-08-08 22:30:36.486951+00', 2013, 1, 3, 13, 153.52, 107.36, false),
	(778, '2025-08-08 22:30:36.486951+00', 2013, 1, 2, 4, 154.58, 80.68, false),
	(779, '2025-08-08 22:30:36.486951+00', 2013, 1, 10, 5, 85.72, 82.68, false),
	(780, '2025-08-08 22:30:36.486951+00', 2013, 5, 1, 4, 89.56, 83.12, false),
	(781, '2025-08-08 22:30:36.486951+00', 2013, 5, 3, 10, 98.76, 76.18, false),
	(782, '2025-08-08 22:30:36.486951+00', 2013, 5, 5, 6, 101.12, 97, false),
	(783, '2025-08-08 22:30:36.486951+00', 2013, 5, 13, 2, 133.24, 101.16, false),
	(784, '2025-08-08 22:30:36.486951+00', 2013, 4, 1, 10, 131.64, 74.88, false),
	(785, '2025-08-08 22:30:36.486951+00', 2013, 4, 5, 3, 114.98, 107.38, false),
	(786, '2025-08-08 22:30:36.486951+00', 2013, 4, 6, 2, 135.12, 93.18, false),
	(787, '2025-08-08 22:30:36.486951+00', 2013, 4, 4, 13, 108.12, 96.18, false),
	(788, '2025-08-08 22:30:36.486951+00', 2013, 7, 1, 5, 82.72, 79.46, false),
	(789, '2025-08-08 22:30:36.486951+00', 2013, 7, 3, 4, 123.92, 89.2, false),
	(790, '2025-08-08 22:30:36.486951+00', 2013, 7, 6, 13, 91.6, 71.58, false),
	(791, '2025-08-08 22:30:36.486951+00', 2013, 7, 10, 2, 98.58, 92.84, false),
	(792, '2025-08-08 22:30:36.486951+00', 2013, 3, 1, 3, 112.68, 83.5, false),
	(793, '2025-08-08 22:30:36.486951+00', 2013, 3, 2, 5, 74.96, 71.5, false),
	(794, '2025-08-08 22:30:36.486951+00', 2013, 3, 13, 10, 81.34, 81.1, false),
	(795, '2025-08-08 22:30:36.486951+00', 2013, 3, 4, 6, 112.58, 102.86, false),
	(796, '2025-08-08 22:30:36.486951+00', 2013, 9, 1, 13, 125.68, 70.18, false),
	(797, '2025-08-08 22:30:36.486951+00', 2013, 9, 3, 2, 111.14, 100.16, false),
	(798, '2025-08-08 22:30:36.486951+00', 2013, 9, 5, 4, 123.92, 86.38, false),
	(799, '2025-08-08 22:30:36.486951+00', 2013, 9, 6, 10, 114.58, 75.02, false),
	(800, '2025-08-08 22:30:36.486951+00', 2013, 11, 10, 1, 126.28, 110.6, false),
	(801, '2025-08-08 22:30:36.486951+00', 2013, 11, 3, 5, 93.18, 73.08, false),
	(802, '2025-08-08 22:30:36.486951+00', 2013, 11, 2, 6, 94.22, 83.32, false),
	(803, '2025-08-08 22:30:36.486951+00', 2013, 11, 4, 13, 123.6, 73.56, false),
	(804, '2025-08-08 22:30:36.486951+00', 2013, 12, 1, 4, 100.86, 71.32, false),
	(805, '2025-08-08 22:30:36.486951+00', 2013, 12, 3, 10, 89.62, 85.28, false),
	(806, '2025-08-08 22:30:36.486951+00', 2013, 12, 6, 5, 78.8, 66.6, false),
	(807, '2025-08-08 22:30:36.486951+00', 2013, 12, 13, 2, 126.06, 83.1, false),
	(808, '2025-08-08 22:30:36.486951+00', 2012, 13, 2, 1, 124.78, 93.7, false),
	(809, '2025-08-08 22:30:36.486951+00', 2012, 13, 3, 4, 108.54, 83.18, false),
	(810, '2025-08-08 22:30:36.486951+00', 2012, 13, 14, 10, 87.74, 76.28, false),
	(811, '2025-08-08 22:30:36.486951+00', 2012, 13, 5, 6, 115.14, 80.22, false),
	(812, '2025-08-08 22:30:36.486951+00', 2012, 8, 4, 1, 85.2, 80.28, false),
	(813, '2025-08-08 22:30:36.486951+00', 2012, 8, 6, 3, 88.98, 87.72, false),
	(814, '2025-08-08 22:30:36.486951+00', 2012, 8, 2, 14, 144.78, 68.94, false),
	(815, '2025-08-08 22:30:36.486951+00', 2012, 8, 10, 5, 92.44, 84.64, false),
	(816, '2025-08-08 22:30:36.486951+00', 2012, 10, 3, 1, 149.82, 110.54, false),
	(817, '2025-08-08 22:30:36.486951+00', 2012, 10, 5, 2, 130.54, 73.46, false),
	(818, '2025-08-08 22:30:36.486951+00', 2012, 10, 6, 10, 100.38, 87.9, false),
	(819, '2025-08-08 22:30:36.486951+00', 2012, 10, 14, 4, 118.08, 83.54, false),
	(820, '2025-08-08 22:30:36.486951+00', 2012, 14, 5, 1, 117.34, 95.58, false),
	(821, '2025-08-08 22:30:36.486951+00', 2012, 14, 3, 14, 124.26, 92.42, false),
	(822, '2025-08-08 22:30:36.486951+00', 2012, 14, 6, 4, 94.68, 75.5, false),
	(823, '2025-08-08 22:30:36.486951+00', 2012, 14, 2, 10, 124.78, 62.26, false),
	(824, '2025-08-08 22:30:36.486951+00', 2012, 2, 1, 6, 96.56, 74, false),
	(825, '2025-08-08 22:30:36.486951+00', 2012, 2, 2, 3, 99.72, 54.84, false),
	(826, '2025-08-08 22:30:36.486951+00', 2012, 2, 5, 14, 78.24, 71.46, false),
	(827, '2025-08-08 22:30:36.486951+00', 2012, 2, 4, 10, 116.34, 97.62, false),
	(828, '2025-08-08 22:30:36.486951+00', 2012, 6, 2, 1, 89.22, 87.26, false),
	(829, '2025-08-08 22:30:36.486951+00', 2012, 6, 3, 4, 102.7, 90.06, false),
	(830, '2025-08-08 22:30:36.486951+00', 2012, 6, 14, 10, 143.12, 34.62, false),
	(831, '2025-08-08 22:30:36.486951+00', 2012, 6, 6, 5, 152.58, 85, false),
	(832, '2025-08-08 22:30:36.486951+00', 2012, 1, 4, 1, 104.8, 104.06, false),
	(833, '2025-08-08 22:30:36.486951+00', 2012, 1, 3, 6, 105.74, 91.56, false),
	(834, '2025-08-08 22:30:36.486951+00', 2012, 1, 2, 14, 95.72, 89.72, false),
	(835, '2025-08-08 22:30:36.486951+00', 2012, 1, 5, 10, 97.12, 91.36, false),
	(836, '2025-08-08 22:30:36.486951+00', 2012, 5, 1, 14, 154.4, 82.4, false),
	(837, '2025-08-08 22:30:36.486951+00', 2012, 5, 3, 10, 87.92, 70.84, false),
	(838, '2025-08-08 22:30:36.486951+00', 2012, 5, 4, 5, 112.98, 77.58, false),
	(839, '2025-08-08 22:30:36.486951+00', 2012, 5, 6, 2, 95.04, 85.54, false),
	(840, '2025-08-08 22:30:36.486951+00', 2012, 4, 1, 10, 109.86, 104.3, false),
	(841, '2025-08-08 22:30:36.486951+00', 2012, 4, 5, 3, 116.84, 115.1, false),
	(842, '2025-08-08 22:30:36.486951+00', 2012, 4, 4, 2, 105.52, 94.9, false),
	(843, '2025-08-08 22:30:36.486951+00', 2012, 4, 14, 6, 111.76, 87.72, false),
	(844, '2025-08-08 22:30:36.486951+00', 2012, 7, 1, 5, 112.78, 92.18, false),
	(845, '2025-08-08 22:30:36.486951+00', 2012, 7, 14, 3, 92.98, 74.58, false),
	(846, '2025-08-08 22:30:36.486951+00', 2012, 7, 6, 4, 118.52, 99.02, false),
	(847, '2025-08-08 22:30:36.486951+00', 2012, 7, 2, 10, 71.32, 66.3, false),
	(848, '2025-08-08 22:30:36.486951+00', 2012, 3, 1, 3, 119.94, 84.8, false),
	(849, '2025-08-08 22:30:36.486951+00', 2012, 3, 5, 2, 148.38, 80.78, false),
	(850, '2025-08-08 22:30:36.486951+00', 2012, 3, 6, 10, 73.52, 72.92, false),
	(851, '2025-08-08 22:30:36.486951+00', 2012, 3, 4, 14, 83.52, 77.52, false),
	(852, '2025-08-08 22:30:36.486951+00', 2012, 9, 1, 6, 117.38, 91.2, false),
	(853, '2025-08-08 22:30:36.486951+00', 2012, 9, 2, 3, 126.64, 112.86, false),
	(854, '2025-08-08 22:30:36.486951+00', 2012, 9, 5, 14, 109.18, 100.32, false),
	(855, '2025-08-08 22:30:36.486951+00', 2012, 9, 10, 4, 95.68, 90.04, false),
	(856, '2025-08-08 22:30:36.486951+00', 2012, 11, 10, 1, 87.98, 51.54, false),
	(857, '2025-08-08 22:30:36.486951+00', 2012, 11, 3, 5, 111.66, 73.36, false),
	(858, '2025-08-08 22:30:36.486951+00', 2012, 11, 2, 4, 121.78, 114.2, false),
	(859, '2025-08-08 22:30:36.486951+00', 2012, 11, 6, 14, 84.64, 74.74, false),
	(860, '2025-08-08 22:30:36.486951+00', 2012, 12, 1, 14, 114.62, 69.26, false),
	(861, '2025-08-08 22:30:36.486951+00', 2012, 12, 3, 10, 114.18, 52.84, false),
	(862, '2025-08-08 22:30:36.486951+00', 2012, 12, 5, 4, 110.8, 85.42, false),
	(863, '2025-08-08 22:30:36.486951+00', 2012, 12, 2, 6, 165.74, 89.16, false),
	(864, '2025-08-08 22:30:36.486951+00', 2012, 15, 1, 10, 98.1, 39.56, true),
	(865, '2025-08-08 22:30:36.486951+00', 2012, 15, 4, 14, 121.26, 93.84, true),
	(866, '2025-08-08 22:30:36.486951+00', 2012, 15, 6, 2, 133.82, 96.04, true),
	(867, '2025-08-08 22:30:36.486951+00', 2012, 15, 3, 5, 150.28, 66.28, true),
	(868, '2025-08-08 22:30:36.486951+00', 2012, 16, 4, 1, 98.56, 97.54, true),
	(869, '2025-08-08 22:30:36.486951+00', 2012, 16, 14, 10, 132.18, 69.88, true),
	(870, '2025-08-08 22:30:36.486951+00', 2012, 16, 3, 6, 141.24, 90.52, true),
	(871, '2025-08-08 22:30:36.486951+00', 2012, 16, 5, 2, 144.24, 82.3, true),
	(872, '2025-08-08 22:30:36.486951+00', 2013, 15, 6, 1, 185.82, 95.22, true),
	(873, '2025-08-08 22:30:36.486951+00', 2013, 15, 13, 5, 81.82, 70.82, true),
	(874, '2025-08-08 22:30:36.486951+00', 2013, 15, 2, 10, 113.76, 75.5, true),
	(875, '2025-08-08 22:30:36.486951+00', 2013, 15, 3, 4, 112.7, 98.12, true),
	(876, '2025-08-08 22:30:36.486951+00', 2013, 16, 4, 1, 108.14, 89.54, true),
	(877, '2025-08-08 22:30:36.486951+00', 2013, 16, 2, 13, 97.4, 87.14, true),
	(878, '2025-08-08 22:30:36.486951+00', 2013, 16, 10, 5, 97.68, 56.6, true),
	(879, '2025-08-08 22:30:36.486951+00', 2013, 16, 3, 6, 111.54, 105.48, true),
	(880, '2025-08-08 22:30:36.486951+00', 2014, 15, 1, 3, 119.22, 83.68, true),
	(881, '2025-08-08 22:30:36.486951+00', 2014, 15, 6, 5, 99.76, 53.8, true),
	(882, '2025-08-08 22:30:36.486951+00', 2014, 15, 4, 2, 101.4, 87.92, true),
	(883, '2025-08-08 22:30:36.486951+00', 2014, 15, 13, 10, 103.98, 87.04, true),
	(884, '2025-08-08 22:30:36.486951+00', 2014, 16, 1, 13, 114.42, 83.98, true),
	(885, '2025-08-08 22:30:36.486951+00', 2014, 16, 4, 6, 122.62, 71.2, true),
	(886, '2025-08-08 22:30:36.486951+00', 2014, 16, 2, 5, 100.54, 69.42, true),
	(887, '2025-08-08 22:30:36.486951+00', 2014, 16, 3, 10, 61.86, 57.7, true),
	(888, '2025-08-08 22:30:36.486951+00', 2015, 15, 4, 1, 101.86, 83.06, true),
	(889, '2025-08-08 22:30:36.486951+00', 2015, 15, 2, 3, 102.1, 76, true),
	(890, '2025-08-08 22:30:36.486951+00', 2015, 15, 6, 11, 101.12, 97.84, true),
	(891, '2025-08-08 22:30:36.486951+00', 2015, 15, 8, 9, 111.88, 90.96, true),
	(892, '2025-08-08 22:30:36.486951+00', 2015, 16, 9, 1, 96.76, 70.94, true),
	(893, '2025-08-08 22:30:36.486951+00', 2015, 16, 2, 6, 110.98, 61, true),
	(894, '2025-08-08 22:30:36.486951+00', 2015, 16, 3, 11, 77.7, 61.38, true),
	(895, '2025-08-08 22:30:36.486951+00', 2015, 16, 4, 8, 118.24, 84.34, true),
	(896, '2025-08-08 22:30:36.486951+00', 2016, 15, 4, 8, 123.16, 69.8, true),
	(897, '2025-08-08 22:30:36.486951+00', 2016, 15, 9, 11, 101.92, 95.16, true),
	(898, '2025-08-08 22:30:36.486951+00', 2016, 15, 2, 5, 96.48, 72.7, true),
	(899, '2025-08-08 22:30:36.486951+00', 2016, 15, 6, 7, 89.94, 62.22, true),
	(900, '2025-08-08 22:30:36.486951+00', 2016, 16, 4, 9, 133.46, 126.54, true),
	(901, '2025-08-08 22:30:36.486951+00', 2016, 16, 8, 11, 104.32, 99.7, true),
	(902, '2025-08-08 22:30:36.486951+00', 2016, 16, 2, 6, 101.68, 85.58, true),
	(903, '2025-08-08 22:30:36.486951+00', 2016, 16, 7, 5, 107.26, 59.92, true),
	(904, '2025-08-08 22:30:36.486951+00', 2017, 15, 8, 1, 114, 98.98, true),
	(905, '2025-08-08 22:30:36.486951+00', 2017, 15, 2, 4, 136.34, 61.78, true),
	(906, '2025-08-08 22:30:36.486951+00', 2017, 15, 5, 6, 120.1, 100.18, true),
	(907, '2025-08-08 22:30:36.486951+00', 2017, 15, 3, 7, 105.72, 81.94, true),
	(908, '2025-08-08 22:30:36.486951+00', 2017, 16, 4, 1, 82.2, 75.1, true),
	(909, '2025-08-08 22:30:36.486951+00', 2017, 16, 8, 2, 102.22, 92.06, true),
	(910, '2025-08-08 22:30:36.486951+00', 2017, 16, 3, 5, 110, 94.44, true),
	(911, '2025-08-08 22:30:36.486951+00', 2017, 16, 6, 7, 101.32, 69.76, true),
	(912, '2025-08-08 22:30:36.486951+00', 2018, 15, 1, 5, 74.22, 64.44, true),
	(913, '2025-08-08 22:30:36.486951+00', 2018, 15, 4, 2, 88.34, 70.46, true),
	(914, '2025-08-08 22:30:36.486951+00', 2018, 15, 3, 6, 94.32, 92.26, true),
	(915, '2025-08-08 22:30:36.486951+00', 2018, 15, 7, 8, 93.7, 75.92, true),
	(916, '2025-08-08 22:30:36.486951+00', 2018, 16, 1, 4, 124.62, 114.76, true),
	(917, '2025-08-08 22:30:36.486951+00', 2018, 16, 5, 2, 98.16, 60.54, true),
	(918, '2025-08-08 22:30:36.486951+00', 2018, 16, 7, 3, 96.04, 93.04, true),
	(919, '2025-08-08 22:30:36.486951+00', 2018, 16, 6, 8, 117.88, 92.14, true),
	(920, '2025-08-08 22:30:36.486951+00', 2019, 16, 8, 1, 137, 95.06, true),
	(921, '2025-08-08 22:30:36.486951+00', 2019, 16, 4, 2, 78.52, 27.66, true),
	(922, '2025-08-08 22:30:36.486951+00', 2019, 16, 5, 7, 103.56, 101.08, true),
	(923, '2025-08-08 22:30:36.486951+00', 2019, 16, 9, 6, 123.42, 101.32, true),
	(924, '2025-08-08 22:30:36.486951+00', 2024, 13, 5, 1, 137.02, 121.54, false),
	(925, '2025-08-08 22:30:36.486951+00', 2024, 13, 6, 9, 95.88, 95.74, false),
	(926, '2025-08-08 22:30:36.486951+00', 2024, 13, 8, 2, 132.46, 93.34, false),
	(927, '2025-08-08 22:30:36.486951+00', 2024, 13, 10, 3, 112, 95.92, false),
	(928, '2025-08-08 22:30:36.486951+00', 2024, 13, 4, 7, 146.6, 112.68, false),
	(929, '2025-08-08 22:30:36.486951+00', 2024, 8, 1, 10, 135.04, 133.9, false),
	(930, '2025-08-08 22:30:36.486951+00', 2024, 8, 4, 7, 128.68, 101.12, false),
	(931, '2025-08-08 22:30:36.486951+00', 2024, 8, 9, 6, 130.5, 113.86, false),
	(932, '2025-08-08 22:30:36.486951+00', 2024, 8, 3, 2, 139.54, 99.1, false),
	(933, '2025-08-08 22:30:36.486951+00', 2024, 8, 5, 8, 118.74, 108.84, false),
	(934, '2025-08-08 22:30:36.486951+00', 2024, 10, 10, 1, 100.12, 89.58, false),
	(935, '2025-08-08 22:30:36.486951+00', 2024, 10, 7, 8, 102.72, 66.6, false),
	(936, '2025-08-08 22:30:36.486951+00', 2024, 10, 4, 3, 115.24, 111.58, false),
	(937, '2025-08-08 22:30:36.486951+00', 2024, 10, 6, 2, 119.2, 90.82, false),
	(938, '2025-08-08 22:30:36.486951+00', 2024, 10, 9, 5, 115.14, 102.6, false),
	(939, '2025-08-08 22:30:36.486951+00', 2024, 14, 1, 2, 113.94, 109.22, false),
	(940, '2025-08-08 22:30:36.486951+00', 2024, 14, 10, 9, 153.46, 129.8, false),
	(941, '2025-08-08 22:30:36.486951+00', 2024, 14, 6, 7, 117.68, 81.2, false),
	(942, '2025-08-08 22:30:36.486951+00', 2024, 14, 5, 3, 142.88, 139.52, false),
	(943, '2025-08-08 22:30:36.486951+00', 2024, 14, 4, 8, 134.96, 99.14, false),
	(944, '2025-08-08 22:30:36.486951+00', 2024, 2, 6, 1, 120.32, 115.26, false),
	(945, '2025-08-08 22:30:36.486951+00', 2024, 2, 3, 5, 119.52, 70.86, false),
	(946, '2025-08-08 22:30:36.486951+00', 2024, 2, 7, 8, 127.38, 72.14, false),
	(947, '2025-08-08 22:30:36.486951+00', 2024, 2, 10, 2, 136.8, 108.3, false),
	(948, '2025-08-08 22:30:36.486951+00', 2024, 2, 4, 9, 127.54, 101.24, false),
	(949, '2025-08-08 22:30:36.486951+00', 2024, 6, 1, 7, 87.96, 55.92, false),
	(950, '2025-08-08 22:30:36.486951+00', 2024, 6, 8, 6, 111.32, 77.12, false),
	(951, '2025-08-08 22:30:36.486951+00', 2024, 6, 9, 10, 132.2, 117.9, false),
	(952, '2025-08-08 22:30:36.486951+00', 2024, 6, 2, 5, 133.8, 125.1, false),
	(953, '2025-08-08 22:30:36.486951+00', 2024, 6, 3, 4, 118.88, 112.26, false),
	(954, '2025-08-08 22:30:36.486951+00', 2024, 1, 1, 2, 144.08, 117.76, false),
	(955, '2025-08-08 22:30:36.486951+00', 2024, 1, 8, 9, 101.5, 98.24, false),
	(956, '2025-08-08 22:30:36.486951+00', 2024, 1, 5, 6, 94.68, 91.86, false),
	(957, '2025-08-08 22:30:36.486951+00', 2024, 1, 10, 4, 117.66, 93.08, false),
	(958, '2025-08-08 22:30:36.486951+00', 2024, 1, 3, 7, 117.82, 105.92, false),
	(959, '2025-08-08 22:30:36.486951+00', 2024, 5, 1, 8, 132.82, 118.46, false),
	(960, '2025-08-08 22:30:36.486951+00', 2024, 5, 10, 3, 121.5, 106.26, false),
	(961, '2025-08-08 22:30:36.486951+00', 2024, 5, 6, 7, 101.42, 98.88, false),
	(962, '2025-08-08 22:30:36.486951+00', 2024, 5, 4, 2, 127.1, 95.56, false),
	(963, '2025-08-08 22:30:36.486951+00', 2024, 5, 5, 9, 123.44, 116.14, false),
	(964, '2025-08-08 22:30:36.486951+00', 2024, 4, 1, 9, 131.02, 100.3, false),
	(965, '2025-08-08 22:30:36.486951+00', 2024, 4, 4, 5, 87.98, 86.3, false),
	(966, '2025-08-08 22:30:36.486951+00', 2024, 4, 2, 7, 122.4, 87.52, false),
	(967, '2025-08-08 22:30:36.486951+00', 2024, 4, 6, 10, 121.34, 105.18, false),
	(968, '2025-08-08 22:30:36.486951+00', 2024, 4, 8, 3, 126.96, 96.12, false),
	(969, '2025-08-08 22:30:36.486951+00', 2024, 7, 1, 3, 117.74, 97.06, false),
	(970, '2025-08-08 22:30:36.486951+00', 2024, 7, 10, 5, 106.8, 101.32, false),
	(971, '2025-08-08 22:30:36.486951+00', 2024, 7, 4, 6, 135.7, 92.14, false),
	(972, '2025-08-08 22:30:36.486951+00', 2024, 7, 2, 8, 116.88, 76.3, false),
	(973, '2025-08-08 22:30:36.486951+00', 2024, 7, 9, 7, 99.66, 84.44, false),
	(974, '2025-08-08 22:30:36.486951+00', 2024, 3, 4, 1, 108.88, 70.28, false),
	(975, '2025-08-08 22:30:36.486951+00', 2024, 3, 9, 2, 99.68, 87.1, false),
	(976, '2025-08-08 22:30:36.486951+00', 2024, 3, 7, 5, 134.66, 101.32, false),
	(977, '2025-08-08 22:30:36.486951+00', 2024, 3, 8, 10, 123.68, 100.02, false),
	(978, '2025-08-08 22:30:36.486951+00', 2024, 3, 6, 3, 108.28, 72.14, false),
	(979, '2025-08-08 22:30:36.486951+00', 2024, 9, 1, 5, 109.66, 80.8, false),
	(980, '2025-08-08 22:30:36.486951+00', 2024, 9, 8, 4, 106.32, 103.84, false),
	(981, '2025-08-08 22:30:36.486951+00', 2024, 9, 3, 9, 123.9, 114.1, false),
	(982, '2025-08-08 22:30:36.486951+00', 2024, 9, 6, 2, 115.2, 93.8, false),
	(983, '2025-08-08 22:30:36.486951+00', 2024, 9, 10, 7, 118, 99.32, false),
	(984, '2025-08-08 22:30:36.486951+00', 2024, 15, 1, 7, 177.94, 130.1, false),
	(985, '2025-08-08 22:30:36.486951+00', 2024, 15, 4, 10, 139.66, 104.84, false),
	(986, '2025-08-08 22:30:36.486951+00', 2024, 15, 5, 2, 113.28, 102.96, false),
	(987, '2025-08-08 22:30:36.486951+00', 2024, 15, 9, 3, 110.16, 102.8, false),
	(988, '2025-08-08 22:30:36.486951+00', 2024, 15, 8, 6, 120.56, 100.2, false),
	(989, '2025-08-08 22:30:36.486951+00', 2024, 11, 9, 1, 97.28, 86.24, false),
	(990, '2025-08-08 22:30:36.486951+00', 2024, 11, 5, 7, 114.18, 113.08, false),
	(991, '2025-08-08 22:30:36.486951+00', 2024, 11, 2, 4, 127.76, 76.9, false),
	(992, '2025-08-08 22:30:36.486951+00', 2024, 11, 8, 3, 139.24, 114.84, false),
	(993, '2025-08-08 22:30:36.486951+00', 2024, 11, 10, 6, 114.34, 69.18, false),
	(994, '2025-08-08 22:30:36.486951+00', 2024, 12, 1, 4, 124.9, 101, false),
	(995, '2025-08-08 22:30:36.486951+00', 2024, 12, 6, 5, 96.78, 84.92, false),
	(996, '2025-08-08 22:30:36.486951+00', 2024, 12, 7, 3, 98.08, 68.86, false),
	(997, '2025-08-08 22:30:36.486951+00', 2024, 12, 10, 2, 133.06, 81.26, false),
	(998, '2025-08-08 22:30:36.486951+00', 2024, 12, 8, 9, 127.72, 102.12, false),
	(999, '2025-08-08 22:30:36.486951+00', 2024, 17, 8, 1, 120, 116.68, true),
	(1000, '2025-08-08 22:30:36.486951+00', 2024, 17, 7, 2, 110, 90.72, true),
	(1001, '2025-08-08 22:30:36.486951+00', 2024, 17, 5, 3, 125.48, 88.14, true),
	(1002, '2025-08-08 22:30:36.486951+00', 2024, 17, 10, 4, 126.98, 114.44, true),
	(1003, '2025-08-08 22:30:36.486951+00', 2024, 16, 1, 4, 176.52, 137.98, true),
	(1004, '2025-08-08 22:30:36.486951+00', 2024, 16, 7, 5, 107.8, 105.76, true),
	(1005, '2025-08-08 22:30:36.486951+00', 2024, 16, 2, 3, 100.84, 70.14, true),
	(1006, '2025-08-08 22:30:36.486951+00', 2024, 16, 8, 10, 142.98, 134.08, true),
	(1007, '2025-12-16 19:42:26.565056+00', 2025, 1, 1, 5, 91.48, 86.56, false),
	(1008, '2025-12-16 19:42:26.565056+00', 2025, 1, 3, 7, 142.28, 113.06, false),
	(1009, '2025-12-16 19:42:26.565056+00', 2025, 1, 2, 9, 99.52, 93.02, false),
	(1010, '2025-12-16 19:42:26.565056+00', 2025, 1, 10, 8, 87.6, 83.02, false),
	(1011, '2025-12-16 19:42:26.565056+00', 2025, 1, 6, 4, 114.42, 85.02, false),
	(1012, '2025-12-16 19:42:26.565056+00', 2025, 2, 1, 7, 139.14, 76.22, false),
	(1013, '2025-12-16 19:42:26.565056+00', 2025, 2, 2, 3, 104.18, 79.44, false),
	(1014, '2025-12-16 19:42:26.565056+00', 2025, 2, 8, 9, 138.5, 117, false),
	(1015, '2025-12-16 19:42:26.565056+00', 2025, 2, 4, 5, 104.78, 84.1, false),
	(1016, '2025-12-16 19:42:26.565056+00', 2025, 2, 6, 10, 92.18, 88.2, false),
	(1017, '2025-12-16 19:42:26.565056+00', 2025, 3, 1, 3, 101.62, 95.54, false),
	(1018, '2025-12-16 19:42:26.565056+00', 2025, 3, 8, 2, 146.32, 110.62, false),
	(1019, '2025-12-16 19:42:26.565056+00', 2025, 3, 7, 4, 92.92, 86.44, false),
	(1020, '2025-12-16 19:42:26.565056+00', 2025, 3, 9, 6, 118.92, 90.36, false),
	(1021, '2025-12-16 19:42:26.565056+00', 2025, 3, 5, 10, 129.82, 92.78, false),
	(1022, '2025-12-16 19:42:26.565056+00', 2025, 4, 1, 4, 121.36, 97.92, false),
	(1023, '2025-12-16 19:42:26.565056+00', 2025, 4, 3, 8, 112.8, 94.88, false),
	(1024, '2025-12-16 19:42:26.565056+00', 2025, 4, 2, 6, 137.84, 125.1, false),
	(1025, '2025-12-16 19:42:26.565056+00', 2025, 4, 10, 7, 106.06, 102.36, false),
	(1026, '2025-12-16 19:42:26.565056+00', 2025, 4, 9, 5, 139.58, 130.88, false),
	(1027, '2025-12-16 19:42:26.565056+00', 2025, 5, 10, 1, 142.46, 116.64, false),
	(1028, '2025-12-16 19:42:26.565056+00', 2025, 5, 3, 4, 137.3, 83.14, false),
	(1029, '2025-12-16 19:42:26.565056+00', 2025, 5, 8, 6, 132.44, 118.22, false),
	(1030, '2025-12-16 19:42:26.565056+00', 2025, 5, 2, 5, 131.62, 86.82, false),
	(1031, '2025-12-16 19:42:26.565056+00', 2025, 5, 9, 7, 102.6, 92.82, false),
	(1032, '2025-12-16 19:42:26.565056+00', 2025, 6, 1, 9, 96.82, 84.06, false),
	(1033, '2025-12-16 19:42:26.565056+00', 2025, 6, 6, 3, 135.78, 97.42, false),
	(1034, '2025-12-16 19:42:26.565056+00', 2025, 6, 4, 10, 107.86, 91.54, false),
	(1035, '2025-12-16 19:42:26.565056+00', 2025, 6, 8, 5, 165.76, 92.44, false),
	(1036, '2025-12-16 19:42:26.565056+00', 2025, 6, 2, 7, 115.98, 73.2, false),
	(1037, '2025-12-16 19:42:26.565056+00', 2025, 7, 1, 2, 104.24, 97.64, false),
	(1038, '2025-12-16 19:42:26.565056+00', 2025, 7, 3, 10, 92.34, 71.22, false),
	(1039, '2025-12-16 19:42:26.565056+00', 2025, 7, 6, 5, 96.84, 84.18, false),
	(1040, '2025-12-16 19:42:26.565056+00', 2025, 7, 9, 4, 110.76, 109.86, false),
	(1041, '2025-12-16 19:42:26.565056+00', 2025, 7, 8, 7, 159.44, 120.98, false),
	(1042, '2025-12-16 19:42:26.565056+00', 2025, 8, 8, 1, 146.06, 87.82, false),
	(1043, '2025-12-16 19:42:26.565056+00', 2025, 8, 3, 5, 110.56, 103.78, false),
	(1044, '2025-12-16 19:42:26.565056+00', 2025, 8, 9, 10, 126.9, 83.48, false),
	(1045, '2025-12-16 19:42:26.565056+00', 2025, 8, 7, 6, 122.52, 109.02, false),
	(1046, '2025-12-16 19:42:26.565056+00', 2025, 8, 4, 2, 116.18, 98.98, false),
	(1047, '2025-12-16 19:42:26.565056+00', 2025, 9, 1, 6, 88.4, 85.6, false),
	(1048, '2025-12-16 19:42:26.565056+00', 2025, 9, 3, 9, 112.62, 108.52, false),
	(1049, '2025-12-16 19:42:26.565056+00', 2025, 9, 5, 7, 113.66, 93.22, false),
	(1050, '2025-12-16 19:42:26.565056+00', 2025, 9, 2, 10, 132.88, 110.7, false),
	(1051, '2025-12-16 19:42:26.565056+00', 2025, 9, 8, 4, 100.62, 95.6, false),
	(1052, '2025-12-16 19:42:26.565056+00', 2025, 10, 1, 5, 140.5, 98.64, false),
	(1053, '2025-12-16 19:42:26.565056+00', 2025, 10, 3, 7, 116.12, 86.64, false),
	(1054, '2025-12-16 19:42:26.565056+00', 2025, 10, 2, 9, 133.6, 114.28, false),
	(1055, '2025-12-16 19:42:26.565056+00', 2025, 10, 8, 10, 131.2, 111.32, false),
	(1056, '2025-12-16 19:42:26.565056+00', 2025, 10, 6, 4, 121.32, 84.1, false),
	(1057, '2025-12-16 19:42:26.565056+00', 2025, 11, 1, 7, 112.3, 97.38, false),
	(1058, '2025-12-16 19:42:26.565056+00', 2025, 11, 3, 2, 121.6, 67.5, false),
	(1059, '2025-12-16 19:42:26.565056+00', 2025, 11, 9, 8, 115.36, 60.32, false),
	(1060, '2025-12-16 19:42:26.565056+00', 2025, 11, 5, 4, 118.64, 88.84, false),
	(1061, '2025-12-16 19:42:26.565056+00', 2025, 11, 10, 6, 114.42, 85.74, false),
	(1062, '2025-12-16 19:42:26.565056+00', 2025, 12, 1, 3, 143.04, 132.26, false),
	(1063, '2025-12-16 19:42:26.565056+00', 2025, 12, 2, 8, 129.46, 86.96, false),
	(1064, '2025-12-16 19:42:26.565056+00', 2025, 12, 4, 7, 125.16, 88.32, false),
	(1065, '2025-12-16 19:42:26.565056+00', 2025, 12, 9, 6, 116.12, 99.18, false),
	(1066, '2025-12-16 19:42:26.565056+00', 2025, 12, 5, 10, 110.96, 74.64, false),
	(1067, '2025-12-16 19:42:26.565056+00', 2025, 13, 4, 1, 100.8, 89.44, false),
	(1068, '2025-12-16 19:42:26.565056+00', 2025, 13, 8, 3, 108.56, 105.2, false),
	(1069, '2025-12-16 19:42:26.565056+00', 2025, 13, 2, 6, 116.54, 97.04, false),
	(1070, '2025-12-16 19:42:26.565056+00', 2025, 13, 7, 10, 130.82, 111.56, false),
	(1071, '2025-12-16 19:42:26.565056+00', 2025, 13, 9, 5, 87.94, 71.78, false),
	(1072, '2025-12-16 19:42:26.565056+00', 2025, 14, 1, 10, 115.16, 97.08, false),
	(1073, '2025-12-16 19:42:26.565056+00', 2025, 14, 3, 4, 84.5, 77.14, false),
	(1074, '2025-12-16 19:42:26.565056+00', 2025, 14, 8, 6, 96.82, 71.3, false),
	(1075, '2025-12-16 19:42:26.565056+00', 2025, 14, 2, 5, 125.76, 117.56, false),
	(1076, '2025-12-16 19:42:26.565056+00', 2025, 14, 9, 7, 126.54, 126.04, false),
	(1077, '2025-12-16 19:42:26.565056+00', 2025, 15, 1, 9, 141.2, 125.04, false),
	(1078, '2025-12-16 19:42:26.565056+00', 2025, 15, 3, 6, 127.9, 104.36, false),
	(1079, '2025-12-16 19:42:26.565056+00', 2025, 15, 10, 4, 128.38, 98.06, false),
	(1080, '2025-12-16 19:42:26.565056+00', 2025, 15, 8, 5, 117.6, 112.1, false),
	(1081, '2025-12-16 19:42:26.565056+00', 2025, 15, 2, 7, 123.32, 116.92, false);


--
-- Data for Name: poll_votes; Type: TABLE DATA; Schema: public; Owner: postgres
--

INSERT INTO "public"."poll_votes" ("id", "created_at", "voter_owner_id", "vote_receiver_owner_id", "value", "voter_type", "year") VALUES
	(1, '2025-08-25 16:23:45.256466+00', 7, 3, 7, 'owner', 2025),
	(2, '2025-08-25 16:23:45.256466+00', 7, 7, 5, 'owner', 2025),
	(3, '2025-08-25 16:23:45.256466+00', 7, 2, 10, 'owner', 2025),
	(4, '2025-08-25 16:23:45.256466+00', 7, 1, 6, 'owner', 2025),
	(5, '2025-08-25 16:23:45.256466+00', 7, 8, 8, 'owner', 2025),
	(6, '2025-08-25 16:23:45.256466+00', 7, 4, 1, 'owner', 2025),
	(7, '2025-08-25 16:23:45.256466+00', 7, 6, 3, 'owner', 2025),
	(8, '2025-08-25 16:23:45.256466+00', 7, 10, 4, 'owner', 2025),
	(9, '2025-08-25 16:23:45.256466+00', 7, 5, 2, 'owner', 2025),
	(10, '2025-08-25 16:23:45.256466+00', 7, 9, 9, 'owner', 2025),
	(11, '2025-08-25 16:23:45.256466+00', 8, 3, 3, 'owner', 2025),
	(12, '2025-08-25 16:23:45.256466+00', 8, 7, 7, 'owner', 2025),
	(13, '2025-08-25 16:23:45.256466+00', 8, 2, 10, 'owner', 2025),
	(14, '2025-08-25 16:23:45.256466+00', 8, 1, 2, 'owner', 2025),
	(15, '2025-08-25 16:23:45.256466+00', 8, 8, 4, 'owner', 2025),
	(16, '2025-08-25 16:23:45.256466+00', 8, 4, 6, 'owner', 2025),
	(17, '2025-08-25 16:23:45.256466+00', 8, 6, 9, 'owner', 2025),
	(18, '2025-08-25 16:23:45.256466+00', 8, 10, 8, 'owner', 2025),
	(19, '2025-08-25 16:23:45.256466+00', 8, 5, 1, 'owner', 2025),
	(20, '2025-08-25 16:23:45.256466+00', 8, 9, 5, 'owner', 2025),
	(21, '2025-08-25 16:23:45.256466+00', 5, 3, 9, 'owner', 2025),
	(22, '2025-08-25 16:23:45.256466+00', 5, 7, 3, 'owner', 2025),
	(23, '2025-08-25 16:23:45.256466+00', 5, 2, 10, 'owner', 2025),
	(24, '2025-08-25 16:23:45.256466+00', 5, 1, 2, 'owner', 2025),
	(25, '2025-08-25 16:23:45.256466+00', 5, 8, 5, 'owner', 2025),
	(26, '2025-08-25 16:23:45.256466+00', 5, 4, 7, 'owner', 2025),
	(27, '2025-08-25 16:23:45.256466+00', 5, 6, 8, 'owner', 2025),
	(28, '2025-08-25 16:23:45.256466+00', 5, 10, 6, 'owner', 2025),
	(29, '2025-08-25 16:23:45.256466+00', 5, 5, 1, 'owner', 2025),
	(30, '2025-08-25 16:23:45.256466+00', 5, 9, 4, 'owner', 2025),
	(31, '2025-08-25 16:23:45.256466+00', 9, 3, 10, 'owner', 2025),
	(32, '2025-08-25 16:23:45.256466+00', 9, 7, 4, 'owner', 2025),
	(33, '2025-08-25 16:23:45.256466+00', 9, 2, 9, 'owner', 2025),
	(34, '2025-08-25 16:23:45.256466+00', 9, 1, 7, 'owner', 2025),
	(35, '2025-08-25 16:23:45.256466+00', 9, 8, 6, 'owner', 2025),
	(36, '2025-08-25 16:23:45.256466+00', 9, 4, 1, 'owner', 2025),
	(37, '2025-08-25 16:23:45.256466+00', 9, 6, 8, 'owner', 2025),
	(38, '2025-08-25 16:23:45.256466+00', 9, 10, 5, 'owner', 2025),
	(39, '2025-08-25 16:23:45.256466+00', 9, 5, 2, 'owner', 2025),
	(40, '2025-08-25 16:23:45.256466+00', 9, 9, 3, 'owner', 2025),
	(41, '2025-08-25 16:23:45.256466+00', 1, 3, 8, 'owner', 2025),
	(42, '2025-08-25 16:23:45.256466+00', 1, 7, 1, 'owner', 2025),
	(43, '2025-08-25 16:23:45.256466+00', 1, 2, 9, 'owner', 2025),
	(44, '2025-08-25 16:23:45.256466+00', 1, 1, 5, 'owner', 2025),
	(45, '2025-08-25 16:23:45.256466+00', 1, 8, 2, 'owner', 2025),
	(46, '2025-08-25 16:23:45.256466+00', 1, 4, 7, 'owner', 2025),
	(47, '2025-08-25 16:23:45.256466+00', 1, 6, 10, 'owner', 2025),
	(48, '2025-08-25 16:23:45.256466+00', 1, 10, 3, 'owner', 2025),
	(49, '2025-08-25 16:23:45.256466+00', 1, 5, 6, 'owner', 2025),
	(50, '2025-08-25 16:23:45.256466+00', 1, 9, 4, 'owner', 2025),
	(51, '2025-08-25 16:23:45.256466+00', 2, 3, 5, 'owner', 2025),
	(52, '2025-08-25 16:23:45.256466+00', 2, 7, 3, 'owner', 2025),
	(53, '2025-08-25 16:23:45.256466+00', 2, 2, 4, 'owner', 2025),
	(54, '2025-08-25 16:23:45.256466+00', 2, 1, 10, 'owner', 2025),
	(55, '2025-08-25 16:23:45.256466+00', 2, 8, 7, 'owner', 2025),
	(56, '2025-08-25 16:23:45.256466+00', 2, 4, 6, 'owner', 2025),
	(57, '2025-08-25 16:23:45.256466+00', 2, 6, 8, 'owner', 2025),
	(58, '2025-08-25 16:23:45.256466+00', 2, 10, 9, 'owner', 2025),
	(59, '2025-08-25 16:23:45.256466+00', 2, 5, 1, 'owner', 2025),
	(60, '2025-08-25 16:23:45.256466+00', 2, 9, 2, 'owner', 2025),
	(61, '2025-08-25 16:23:45.256466+00', 4, 3, 8, 'owner', 2025),
	(62, '2025-08-25 16:23:45.256466+00', 4, 7, 2, 'owner', 2025),
	(63, '2025-08-25 16:23:45.256466+00', 4, 2, 9, 'owner', 2025),
	(64, '2025-08-25 16:23:45.256466+00', 4, 1, 6, 'owner', 2025),
	(65, '2025-08-25 16:23:45.256466+00', 4, 8, 7, 'owner', 2025),
	(66, '2025-08-25 16:23:45.256466+00', 4, 4, 3, 'owner', 2025),
	(67, '2025-08-25 16:23:45.256466+00', 4, 6, 10, 'owner', 2025),
	(68, '2025-08-25 16:23:45.256466+00', 4, 10, 5, 'owner', 2025),
	(69, '2025-08-25 16:23:45.256466+00', 4, 5, 1, 'owner', 2025),
	(70, '2025-08-25 16:23:45.256466+00', 4, 9, 4, 'owner', 2025),
	(71, '2025-08-25 16:23:45.256466+00', 10, 3, 10, 'owner', 2025),
	(72, '2025-08-25 16:23:45.256466+00', 10, 7, 6, 'owner', 2025),
	(73, '2025-08-25 16:23:45.256466+00', 10, 2, 8, 'owner', 2025),
	(74, '2025-08-25 16:23:45.256466+00', 10, 1, 4, 'owner', 2025),
	(75, '2025-08-25 16:23:45.256466+00', 10, 8, 3, 'owner', 2025),
	(76, '2025-08-25 16:23:45.256466+00', 10, 4, 7, 'owner', 2025),
	(77, '2025-08-25 16:23:45.256466+00', 10, 6, 9, 'owner', 2025),
	(78, '2025-08-25 16:23:45.256466+00', 10, 10, 1, 'owner', 2025),
	(79, '2025-08-25 16:23:45.256466+00', 10, 5, 2, 'owner', 2025),
	(80, '2025-08-25 16:23:45.256466+00', 10, 9, 5, 'owner', 2025),
	(81, '2025-08-25 16:23:45.256466+00', 6, 6, 1, 'owner', 2025),
	(82, '2025-08-25 16:23:45.256466+00', 6, 10, 2, 'owner', 2025),
	(83, '2025-08-25 16:23:45.256466+00', 6, 5, 3, 'owner', 2025),
	(84, '2025-08-25 16:23:45.256466+00', 6, 9, 4, 'owner', 2025),
	(85, '2025-08-25 16:23:45.256466+00', 3, 3, 1, 'owner', 2025),
	(86, '2025-08-25 16:23:45.256466+00', 3, 7, 8, 'owner', 2025),
	(87, '2025-08-25 16:23:45.256466+00', 3, 2, 10, 'owner', 2025),
	(88, '2025-08-25 16:23:45.256466+00', 3, 1, 7, 'owner', 2025),
	(89, '2025-08-25 16:23:45.256466+00', 3, 8, 2, 'owner', 2025),
	(90, '2025-08-25 16:23:45.256466+00', 3, 4, 9, 'owner', 2025),
	(91, '2025-08-25 16:23:45.256466+00', 3, 6, 6, 'owner', 2025),
	(92, '2025-08-25 16:23:45.256466+00', 3, 10, 5, 'owner', 2025),
	(93, '2025-08-25 16:23:45.256466+00', 3, 5, 3, 'owner', 2025),
	(94, '2025-08-25 16:23:45.256466+00', 3, 9, 4, 'owner', 2025),
	(95, '2025-08-25 16:23:45.256466+00', NULL, 7, 4, 'nfl_fantasy', 2025),
	(96, '2025-08-25 16:23:45.256466+00', NULL, 8, 1, 'nfl_fantasy', 2025),
	(97, '2025-08-25 16:23:45.256466+00', NULL, 9, 6, 'nfl_fantasy', 2025),
	(98, '2025-08-25 16:23:45.256466+00', NULL, 5, 7, 'nfl_fantasy', 2025),
	(99, '2025-08-25 16:23:45.256466+00', NULL, 4, 10, 'nfl_fantasy', 2025),
	(100, '2025-08-25 16:23:45.256466+00', NULL, 1, 2, 'nfl_fantasy', 2025),
	(101, '2025-08-25 16:23:45.256466+00', NULL, 2, 9, 'nfl_fantasy', 2025),
	(102, '2025-08-25 16:23:45.256466+00', NULL, 3, 5, 'nfl_fantasy', 2025),
	(103, '2025-08-25 16:23:45.256466+00', NULL, 6, 3, 'nfl_fantasy', 2025),
	(104, '2025-08-25 16:23:45.256466+00', NULL, 10, 8, 'nfl_fantasy', 2025);


--
-- Data for Name: records; Type: TABLE DATA; Schema: public; Owner: postgres
--

INSERT INTO "public"."records" ("id", "created_at", "year", "owner_id", "wins", "losses", "reg_szn_finish", "playoff_wins", "playoff_losses", "playoff_finish") VALUES
	(1, '2025-08-07 21:44:58.499893+00', 2012, 3, 8, 6, 3, 2, 0, 1),
	(2, '2025-08-07 21:44:58.499893+00', 2013, 3, 8, 6, 2, 2, 0, 1),
	(3, '2025-08-07 21:44:58.499893+00', 2014, 3, 7, 7, 4, 1, 1, 3),
	(4, '2025-08-07 21:44:58.499893+00', 2015, 3, 6, 8, 8, NULL, NULL, NULL),
	(5, '2025-08-07 21:44:58.499893+00', 2016, 3, 4, 10, 9, NULL, NULL, NULL),
	(6, '2025-08-07 21:44:58.499893+00', 2017, 3, 11, 3, 2, 2, 0, 1),
	(7, '2025-08-07 21:44:58.499893+00', 2018, 3, 8, 6, 4, 1, 1, 2),
	(8, '2025-08-07 21:44:58.499893+00', 2019, 3, 3, 11, 10, NULL, NULL, NULL),
	(9, '2025-08-07 21:44:58.499893+00', 2020, 3, 6, 8, 7, NULL, NULL, NULL),
	(10, '2025-08-07 21:44:58.499893+00', 2021, 3, 6, 9, 8, NULL, NULL, NULL),
	(11, '2025-08-07 21:44:58.499893+00', 2022, 3, 7, 8, 7, NULL, NULL, NULL),
	(12, '2025-08-07 21:44:58.499893+00', 2023, 3, 9, 6, 3, 1, 1, 3),
	(13, '2025-08-07 21:44:58.499893+00', 2012, 2, 10, 4, 1, 0, 2, 4),
	(14, '2025-08-07 21:44:58.499893+00', 2013, 2, 6, 8, 7, NULL, NULL, NULL),
	(15, '2025-08-07 21:44:58.499893+00', 2014, 2, 6, 8, 7, NULL, NULL, NULL),
	(16, '2025-08-07 21:44:58.499893+00', 2015, 2, 8, 6, 5, NULL, NULL, NULL),
	(17, '2025-08-07 21:44:58.499893+00', 2016, 2, 8, 6, 4, 2, 0, 1),
	(18, '2025-08-07 21:44:58.499893+00', 2017, 2, 8, 6, 5, NULL, NULL, NULL),
	(19, '2025-08-07 21:44:58.499893+00', 2018, 2, 8, 6, 6, NULL, NULL, NULL),
	(20, '2025-08-07 21:44:58.499893+00', 2019, 2, 8, 6, 6, NULL, NULL, NULL),
	(21, '2025-08-07 21:44:58.499893+00', 2020, 2, 7, 7, 4, 2, 0, 1),
	(22, '2025-08-07 21:44:58.499893+00', 2021, 2, 7, 8, 6, NULL, NULL, NULL),
	(23, '2025-08-07 21:44:58.499893+00', 2022, 2, 3, 12, 10, NULL, NULL, NULL),
	(24, '2025-08-07 21:44:58.499893+00', 2023, 2, 9, 6, 2, 2, 0, 1),
	(25, '2025-08-07 21:44:58.499893+00', 2015, 7, 4, 10, 11, NULL, NULL, NULL),
	(26, '2025-08-07 21:44:58.499893+00', 2016, 7, 9, 5, 3, 1, 1, 3),
	(27, '2025-08-07 21:44:58.499893+00', 2017, 7, 9, 5, 3, 0, 2, 4),
	(28, '2025-08-07 21:44:58.499893+00', 2018, 7, 10, 4, 2, 2, 0, 1),
	(29, '2025-08-07 21:44:58.499893+00', 2019, 7, 8, 6, 4, 1, 1, 2),
	(30, '2025-08-07 21:44:58.499893+00', 2020, 7, 6, 8, 6, NULL, NULL, NULL),
	(31, '2025-08-07 21:44:58.499893+00', 2021, 7, 7, 8, 7, NULL, NULL, NULL),
	(32, '2025-08-07 21:44:58.499893+00', 2022, 7, 7, 8, 8, NULL, NULL, NULL),
	(33, '2025-08-07 21:44:58.499893+00', 2023, 7, 8, 7, 4, 1, 1, 2),
	(34, '2025-08-07 21:44:58.499893+00', 2012, 1, 7, 7, 5, NULL, NULL, NULL),
	(35, '2025-08-07 21:44:58.499893+00', 2013, 1, 11, 3, 1, 0, 2, 4),
	(36, '2025-08-07 21:44:58.499893+00', 2014, 1, 10, 4, 1, 2, 0, 1),
	(37, '2025-08-07 21:44:58.499893+00', 2015, 1, 9, 5, 2, 0, 2, 4),
	(38, '2025-08-07 21:44:58.499893+00', 2016, 1, 3, 11, 10, NULL, NULL, NULL),
	(39, '2025-08-07 21:44:58.499893+00', 2017, 1, 7, 7, 6, NULL, NULL, NULL),
	(40, '2025-08-07 21:44:58.499893+00', 2018, 1, 6, 8, 8, NULL, NULL, NULL),
	(41, '2025-08-07 21:44:58.499893+00', 2019, 1, 6, 8, 8, NULL, NULL, NULL),
	(42, '2025-08-07 21:44:58.499893+00', 2020, 1, 9, 5, 2, 1, 1, 2),
	(43, '2025-08-07 21:44:58.499893+00', 2021, 1, 11, 4, 1, 2, 0, 1),
	(44, '2025-08-07 21:44:58.499893+00', 2022, 1, 9, 6, 2, 1, 1, 2),
	(45, '2025-08-07 21:44:58.499893+00', 2023, 1, 3, 12, 10, NULL, NULL, NULL),
	(46, '2025-08-07 21:44:58.499893+00', 2012, 5, 9, 5, 2, 1, 1, 3),
	(47, '2025-08-07 21:44:58.499893+00', 2013, 5, 3, 11, 8, NULL, NULL, NULL),
	(48, '2025-08-07 21:44:58.499893+00', 2014, 5, 4, 10, 8, NULL, NULL, NULL),
	(49, '2025-08-07 21:44:58.499893+00', 2015, 5, 4, 10, 12, NULL, NULL, NULL),
	(50, '2025-08-07 21:44:58.499893+00', 2016, 5, 11, 3, 1, 0, 2, 4),
	(51, '2025-08-07 21:44:58.499893+00', 2017, 5, 13, 1, 1, 1, 1, 2),
	(52, '2025-08-07 21:44:58.499893+00', 2018, 5, 8, 6, 5, NULL, NULL, NULL),
	(53, '2025-08-07 21:44:58.499893+00', 2019, 5, 8, 6, 3, 2, 0, 1),
	(54, '2025-08-07 21:44:58.499893+00', 2020, 5, 5, 9, 10, NULL, NULL, NULL),
	(55, '2025-08-07 21:44:58.499893+00', 2021, 5, 8, 7, 4, 1, 1, 3),
	(56, '2025-08-07 21:44:58.499893+00', 2022, 5, 8, 7, 6, NULL, NULL, NULL),
	(57, '2025-08-07 21:44:58.499893+00', 2023, 5, 7, 8, 7, NULL, NULL, NULL),
	(58, '2025-08-07 21:44:58.499893+00', 2012, 4, 6, 8, 6, NULL, NULL, NULL),
	(59, '2025-08-07 21:44:58.499893+00', 2013, 4, 7, 7, 3, 1, 1, 3),
	(60, '2025-08-07 21:44:58.499893+00', 2014, 4, 6, 8, 6, NULL, NULL, NULL),
	(61, '2025-08-07 21:44:58.499893+00', 2015, 4, 9, 5, 3, 2, 0, 1),
	(62, '2025-08-07 21:44:58.499893+00', 2016, 4, 5, 9, 8, NULL, NULL, NULL),
	(63, '2025-08-07 21:44:58.499893+00', 2017, 4, 5, 9, 8, NULL, NULL, NULL),
	(64, '2025-08-07 21:44:58.499893+00', 2018, 4, 6, 8, 7, NULL, NULL, NULL),
	(65, '2025-08-07 21:44:58.499893+00', 2019, 4, 8, 6, 5, NULL, NULL, NULL),
	(66, '2025-08-07 21:44:58.499893+00', 2020, 4, 7, 7, 5, NULL, NULL, NULL),
	(67, '2025-08-07 21:44:58.499893+00', 2021, 4, 10, 5, 3, 1, 1, 2),
	(68, '2025-08-07 21:44:58.499893+00', 2022, 4, 8, 7, 5, NULL, NULL, NULL),
	(69, '2025-08-07 21:44:58.499893+00', 2023, 4, 11, 4, 1, 0, 2, 4),
	(70, '2025-08-07 21:44:58.499893+00', 2012, 6, 8, 6, 4, 1, 1, 2),
	(71, '2025-08-07 21:44:58.499893+00', 2013, 6, 7, 7, 4, 1, 1, 2),
	(72, '2025-08-07 21:44:58.499893+00', 2014, 6, 7, 7, 5, NULL, NULL, NULL),
	(73, '2025-08-07 21:44:58.499893+00', 2015, 6, 7, 7, 7, NULL, NULL, NULL),
	(74, '2025-08-07 21:44:58.499893+00', 2016, 6, 9, 5, 2, 1, 1, 2),
	(75, '2025-08-07 21:44:58.499893+00', 2017, 6, 8, 6, 4, 1, 1, 3),
	(76, '2025-08-07 21:44:58.499893+00', 2018, 6, 10, 4, 1, 1, 1, 3),
	(77, '2025-08-07 21:44:58.499893+00', 2019, 6, 9, 5, 1, 0, 2, 4),
	(78, '2025-08-07 21:44:58.499893+00', 2020, 6, 6, 8, 8, NULL, NULL, NULL),
	(79, '2025-08-07 21:44:58.499893+00', 2021, 6, 7, 8, 5, NULL, NULL, NULL),
	(80, '2025-08-07 21:44:58.499893+00', 2022, 6, 11, 4, 1, 2, 0, 1),
	(81, '2025-08-07 21:44:58.499893+00', 2023, 6, 8, 7, 6, NULL, NULL, NULL),
	(82, '2025-08-07 21:44:58.499893+00', 2015, 8, 9, 5, 1, 1, 1, 2),
	(83, '2025-08-07 21:44:58.499893+00', 2016, 8, 7, 7, 5, NULL, NULL, NULL),
	(84, '2025-08-07 21:44:58.499893+00', 2017, 8, 6, 8, 7, NULL, NULL, NULL),
	(85, '2025-08-07 21:44:58.499893+00', 2018, 8, 8, 6, 3, 0, 2, 4),
	(86, '2025-08-07 21:44:58.499893+00', 2019, 8, 7, 7, 7, NULL, NULL, NULL),
	(87, '2025-08-07 21:44:58.499893+00', 2020, 8, 9, 5, 3, 1, 1, 3),
	(88, '2025-08-07 21:44:58.499893+00', 2021, 8, 11, 4, 2, 0, 2, 4),
	(89, '2025-08-07 21:44:58.499893+00', 2022, 8, 4, 11, 9, NULL, NULL, NULL),
	(90, '2025-08-07 21:44:58.499893+00', 2023, 8, 6, 9, 9, NULL, NULL, NULL),
	(91, '2025-08-07 21:44:58.499893+00', 2015, 9, 9, 5, 4, 1, 1, 3),
	(92, '2025-08-07 21:44:58.499893+00', 2016, 9, 7, 7, 7, NULL, NULL, NULL),
	(93, '2025-08-07 21:44:58.499893+00', 2017, 9, 0, 14, 10, NULL, NULL, NULL),
	(94, '2025-08-07 21:44:58.499893+00', 2018, 9, 3, 11, 10, NULL, NULL, NULL),
	(95, '2025-08-07 21:44:58.499893+00', 2019, 9, 9, 5, 2, 1, 1, 3),
	(96, '2025-08-07 21:44:58.499893+00', 2020, 9, 10, 4, 1, 0, 2, 4),
	(97, '2025-08-07 21:44:58.499893+00', 2021, 9, 6, 9, 9, NULL, NULL, NULL),
	(98, '2025-08-07 21:44:58.499893+00', 2022, 9, 9, 6, 4, 1, 1, 3),
	(99, '2025-08-07 21:44:58.499893+00', 2023, 9, 6, 9, 8, NULL, NULL, NULL),
	(100, '2025-08-07 21:44:58.499893+00', 2012, 10, 3, 11, 8, NULL, NULL, NULL),
	(101, '2025-08-07 21:44:58.499893+00', 2013, 10, 7, 7, 6, NULL, NULL, NULL),
	(102, '2025-08-07 21:44:58.499893+00', 2014, 10, 8, 6, 3, 0, 2, 4),
	(103, '2025-08-07 21:44:58.499893+00', 2015, 10, 5, 9, 10, NULL, NULL, NULL),
	(104, '2025-08-07 21:44:58.499893+00', 2018, 10, 3, 11, 9, NULL, NULL, NULL),
	(105, '2025-08-07 21:44:58.499893+00', 2019, 10, 4, 10, 9, NULL, NULL, NULL),
	(106, '2025-08-07 21:44:58.499893+00', 2020, 10, 5, 9, 9, NULL, NULL, NULL),
	(107, '2025-08-07 21:44:58.499893+00', 2021, 10, 2, 13, 10, NULL, NULL, NULL),
	(108, '2025-08-07 21:44:58.499893+00', 2022, 10, 9, 6, 3, 0, 2, 4),
	(109, '2025-08-07 21:44:58.499893+00', 2023, 10, 8, 7, 5, NULL, NULL, NULL),
	(110, '2025-08-07 21:44:58.499893+00', 2015, 11, NULL, NULL, 6, NULL, NULL, NULL),
	(111, '2025-08-07 21:44:58.499893+00', 2016, 11, NULL, NULL, 6, NULL, NULL, NULL),
	(112, '2025-08-07 21:44:58.499893+00', 2015, 12, NULL, NULL, 9, NULL, NULL, NULL),
	(113, '2025-08-07 21:44:58.499893+00', 2017, 12, NULL, NULL, 9, NULL, NULL, NULL),
	(114, '2025-08-07 21:44:58.499893+00', 2013, 13, NULL, NULL, 5, NULL, NULL, NULL),
	(115, '2025-08-07 21:44:58.499893+00', 2014, 13, NULL, NULL, 2, 1, 1, 2),
	(116, '2025-08-07 21:44:58.499893+00', 2012, 14, NULL, NULL, 7, NULL, NULL, NULL),
	(117, '2025-08-07 21:44:58.499893+00', 2024, 10, 10, 5, 1, 1, 1, 3),
	(118, '2025-08-07 21:44:58.499893+00', 2024, 1, 10, 5, 2, 1, 1, 2),
	(119, '2025-08-07 21:44:58.499893+00', 2024, 8, 9, 6, 4, 2, 0, 1),
	(120, '2025-08-07 21:44:58.499893+00', 2024, 6, 9, 6, 5, NULL, NULL, NULL),
	(121, '2025-08-07 21:44:58.499893+00', 2024, 9, 7, 8, 6, NULL, NULL, NULL),
	(122, '2025-08-07 21:44:58.499893+00', 2024, 5, 7, 8, 7, NULL, NULL, NULL),
	(123, '2025-08-07 21:44:58.499893+00', 2024, 3, 5, 10, 8, NULL, NULL, NULL),
	(124, '2025-08-07 21:44:58.499893+00', 2024, 2, 4, 11, 9, NULL, NULL, NULL),
	(125, '2025-08-07 21:44:58.499893+00', 2024, 7, 4, 11, 10, NULL, NULL, NULL),
	(126, '2025-08-07 21:44:58.499893+00', 2024, 4, 10, 5, 3, 0, 2, 4),
	(127, '2025-12-16 19:45:08.364693+00', 2025, 1, 12, 3, 1, NULL, NULL, NULL),
	(128, '2025-12-16 19:45:28.430605+00', 2025, 8, 11, 4, 2, NULL, NULL, NULL),
	(129, '2025-12-16 19:45:53.011174+00', 2025, 2, 11, 4, 3, NULL, NULL, NULL),
	(130, '2025-12-16 19:46:13.857703+00', 2025, 3, 10, 5, 4, NULL, NULL, NULL),
	(131, '2025-12-16 19:46:35.259317+00', 2025, 9, 9, 6, 5, NULL, NULL, NULL),
	(132, '2025-12-16 19:46:56.669011+00', 2025, 6, 5, 10, 6, NULL, NULL, NULL),
	(133, '2025-12-16 19:47:19.355346+00', 2025, 10, 5, 10, 7, NULL, NULL, NULL),
	(134, '2025-12-16 19:47:43.295545+00', 2025, 4, 5, 10, 8, NULL, NULL, NULL),
	(135, '2025-12-16 19:47:58.536328+00', 2025, 5, 4, 11, 9, NULL, NULL, NULL),
	(136, '2025-12-16 19:48:14.779383+00', 2025, 7, 3, 12, 10, NULL, NULL, NULL);


--
-- Data for Name: seasons; Type: TABLE DATA; Schema: public; Owner: postgres
--

INSERT INTO "public"."seasons" ("id", "created_at", "year", "playoff_champ_owner_id", "reg_szn_champ_owner_id", "ultimate_loser_owner_id", "reg_szn_loser_owner_id") VALUES
	(1, '2025-08-07 21:41:53.107007+00', 2012, 3, 2, 10, 10),
	(2, '2025-08-07 21:41:53.107007+00', 2013, 3, 1, 5, 5),
	(3, '2025-08-07 21:41:53.107007+00', 2014, 1, 1, 5, 5),
	(4, '2025-08-07 21:41:53.107007+00', 2015, 4, 8, 12, 5),
	(5, '2025-08-07 21:41:53.107007+00', 2016, 2, 5, 3, 1),
	(6, '2025-08-07 21:41:53.107007+00', 2017, 3, 5, 4, 9),
	(7, '2025-08-07 21:41:53.107007+00', 2018, 7, 6, 10, 9),
	(8, '2025-08-07 21:41:53.107007+00', 2019, 5, 6, 9, 3),
	(9, '2025-08-07 21:41:53.107007+00', 2020, 2, 9, 5, 5),
	(10, '2025-08-07 21:41:53.107007+00', 2021, 1, 1, 3, 10),
	(11, '2025-08-07 21:41:53.107007+00', 2022, 6, 6, 7, 2),
	(13, '2025-08-07 21:41:53.107007+00', 2024, 8, 10, 3, 7),
	(12, '2025-08-07 21:41:53.107007+00', 2023, 2, 4, 8, 1),
	(14, '2025-12-16 19:56:28.937174+00', 2025, NULL, 1, NULL, 7);


--
-- Data for Name: waiver_transactions; Type: TABLE DATA; Schema: public; Owner: postgres
--

INSERT INTO "public"."waiver_transactions" ("id", "created_at", "owner_id", "player_claimed_name", "budget_spent", "year", "week", "was_successful", "player_claimed_position") VALUES
	(1, '2025-09-10 14:59:23.055489+00', 1, 'Rams Defense', 10, 2025, 2, true, 'DEF'),
	(2, '2025-09-10 15:00:00.993882+00', 9, 'Harold Fannin', 58, 2025, 2, true, 'TE'),
	(3, '2025-09-10 15:00:26.24198+00', 4, 'Justin Herbert', 22, 2025, 2, true, 'QB'),
	(4, '2025-09-10 15:00:56.646596+00', 2, 'Dalton Kincaid', 77, 2025, 2, true, 'TE'),
	(5, '2025-09-10 15:01:19.412659+00', 10, 'Michael Penix Jr', 10, 2025, 2, true, 'QB'),
	(6, '2025-09-10 15:02:20.111546+00', 9, 'Tyler Loop', 12, 2025, 2, true, 'K'),
	(7, '2025-09-10 15:02:51.305116+00', 6, 'Quentin Johnston', 21, 2025, 2, true, 'WR'),
	(8, '2025-09-10 15:03:13.629515+00', 4, 'Marquise Brown', 11, 2025, 2, true, 'WR'),
	(9, '2025-09-10 15:03:50.146051+00', 6, 'Nick Chubb', 10, 2025, 2, true, 'RB'),
	(10, '2025-09-10 15:23:26.97799+00', 3, 'Will Lutz', 1, 2025, 1, true, 'K'),
	(11, '2025-09-17 16:40:15.210675+00', 7, 'Juwan Johnson', 30, 2025, 3, true, 'TE'),
	(12, '2025-09-17 16:40:56.658707+00', 7, 'Packers Defense', 20, 2025, 3, true, 'DEF'),
	(13, '2025-09-17 16:41:47.803342+00', 9, 'Keenan Allen', 23, 2025, 3, true, 'WR'),
	(14, '2025-09-17 16:42:26.954991+00', 2, 'Daniel Jones', 35, 2025, 3, true, 'QB'),
	(15, '2025-09-17 16:42:57.797696+00', 4, 'Troy Franklin', 5, 2025, 3, true, 'WR'),
	(16, '2025-09-17 16:43:30.462268+00', 6, 'Jeremy McNichols', 1, 2025, 3, true, 'RB'),
	(17, '2025-09-17 16:44:01.685255+00', 9, 'Cam Skattebo', 13, 2025, 3, true, 'RB'),
	(18, '2025-09-17 16:44:33.329561+00', 7, 'WanDale Robinson', 10, 2025, 3, true, 'WR'),
	(19, '2025-09-17 16:45:18.469207+00', 9, 'Jordan Love', 7, 2025, 3, true, 'QB'),
	(20, '2025-09-24 18:49:43.33984+00', 10, 'KaVontae Turpin', 38, 2025, 4, true, 'WR'),
	(21, '2025-09-24 18:50:10.441524+00', 1, 'Michael Pittman', 107, 2025, 4, true, 'WR'),
	(22, '2025-09-24 18:51:11.389655+00', 5, 'Hunter Henry', 21, 2025, 4, true, 'TE'),
	(23, '2025-09-24 18:51:51.79006+00', 7, 'Stefon Diggs', 5, 2025, 4, true, 'WR'),
	(24, '2025-09-24 18:52:22.76847+00', 4, 'Tre Tucker', 10, 2025, 4, true, 'WR'),
	(25, '2025-10-07 15:39:31.81896+00', 10, 'Wandale Robinson', 15, 2025, 5, true, 'WR'),
	(26, '2025-10-07 15:40:01.079903+00', 7, 'Woody Marks', 135, 2025, 5, true, 'RB'),
	(27, '2025-10-07 15:40:27.515807+00', 4, 'Rams Defense', 8, 2025, 5, true, 'DEF'),
	(28, '2025-10-07 15:41:01.739752+00', 2, 'Jason Myers', 11, 2025, 5, true, 'K'),
	(29, '2025-10-07 15:41:23.968891+00', 1, 'Darius Slayton', 32, 2025, 5, true, 'WR'),
	(30, '2025-10-07 15:41:58.058263+00', 2, 'Seahawks Defense', 39, 2025, 5, true, 'DEF'),
	(31, '2025-10-08 15:37:04.757014+00', 6, 'Kendre Miller', 17, 2025, 6, true, 'RB'),
	(32, '2025-10-08 15:37:29.901522+00', 4, 'Packers Defense', 25, 2025, 6, true, 'DEF'),
	(33, '2025-10-08 15:38:00.90929+00', 1, 'Steelers Defense', 12, 2025, 6, true, 'DEF'),
	(34, '2025-10-08 15:38:32.642817+00', 9, 'Darren Waller', 23, 2025, 6, true, 'TE'),
	(35, '2025-10-08 15:39:02.984533+00', 10, 'Romeo Doubs', 27, 2025, 6, true, 'WR'),
	(36, '2025-10-08 15:39:33.040422+00', 2, 'Kenneth Gainwell', 38, 2025, 6, true, 'RB'),
	(37, '2025-10-08 15:40:08.517722+00', 9, 'David Njoku', 23, 2025, 6, true, 'TE'),
	(38, '2025-10-15 17:47:04.922126+00', 5, 'Bam Knight', 36, 2025, 7, true, 'RB'),
	(40, '2025-10-22 23:24:23.477911+00', 6, 'Texans Defense', 3, 2025, 8, true, 'DEF'),
	(41, '2025-10-22 23:24:48.119589+00', 9, 'Jaxson Dart', 12, 2025, 8, true, 'QB'),
	(42, '2025-11-03 15:37:15.612768+00', 10, 'Sam Darnold', 33, 2025, 9, true, 'QB'),
	(43, '2025-11-03 15:37:47.164039+00', 4, 'Tyjae Spears', 19, 2025, 9, true, 'RB'),
	(44, '2025-11-03 15:38:16.81656+00', 8, 'Tyrone Tracy', 77, 2025, 9, true, 'RB'),
	(45, '2025-11-03 15:38:48.412483+00', 1, 'Jason Myers', 12, 2025, 9, true, 'K'),
	(46, '2025-11-10 00:16:10.570785+00', 8, 'Caleb Williams', 33, 2025, 10, true, 'QB'),
	(47, '2025-11-10 00:16:35.71102+00', 5, 'Colston Loveland', 76, 2025, 10, true, 'TE'),
	(48, '2025-11-12 15:29:40.552287+00', 1, 'Falcons Defense', 12, 2025, 11, true, 'DEF'),
	(49, '2025-11-12 15:30:11.278749+00', 3, 'Joe Burrow', 91, 2025, 11, true, 'QB'),
	(50, '2025-11-19 18:13:27.399041+00', 6, 'Sean Tucker', 91, 2025, 12, true, 'RB'),
	(51, '2025-11-19 18:14:34.365736+00', 4, 'Michael Wilson', 36, 2025, 12, true, 'WR'),
	(52, '2025-11-19 18:15:03.318962+00', 3, 'Chris Rodriguez Jr', 17, 2025, 12, true, 'RB'),
	(53, '2025-11-19 18:15:29.750182+00', 3, 'Emanuel Wilson', 17, 2025, 12, true, 'RB'),
	(54, '2025-12-16 19:49:20.929998+00', 9, 'Jacoby Brissett', 8, 2025, 13, true, 'QB'),
	(55, '2025-12-16 19:49:54.96527+00', 8, 'Brenton Strange', 2, 2025, 13, true, 'TE'),
	(56, '2025-12-16 19:50:39.538063+00', 5, 'Browns Defense', 20, 2025, 14, true, 'DEF'),
	(57, '2025-12-16 19:51:15.186462+00', 4, 'Eagles Defense', 12, 2025, 14, true, 'DEF'),
	(58, '2025-12-16 19:51:52.238397+00', 9, 'Devin Neal', 9, 2025, 14, true, 'RB');


--
-- Data for Name: buckets; Type: TABLE DATA; Schema: storage; Owner: supabase_storage_admin
--

INSERT INTO "storage"."buckets" ("id", "name", "owner", "created_at", "updated_at", "public", "avif_autodetection", "file_size_limit", "allowed_mime_types", "owner_id", "type") VALUES
	('jakes_dad_public_assets', 'jakes_dad_public_assets', NULL, '2025-08-23 23:24:01.744107+00', '2025-08-23 23:24:01.744107+00', true, false, NULL, NULL, NULL, 'STANDARD');


--
-- Data for Name: buckets_analytics; Type: TABLE DATA; Schema: storage; Owner: supabase_storage_admin
--



--
-- Data for Name: buckets_vectors; Type: TABLE DATA; Schema: storage; Owner: supabase_storage_admin
--



--
-- Data for Name: objects; Type: TABLE DATA; Schema: storage; Owner: supabase_storage_admin
--

INSERT INTO "storage"."objects" ("id", "bucket_id", "name", "owner", "created_at", "updated_at", "last_accessed_at", "metadata", "version", "owner_id", "user_metadata", "level") VALUES
	('2020059f-d2ba-407a-b143-232fc5a89cf9', 'jakes_dad_public_assets', 'hayride.JPG', NULL, '2025-08-25 14:23:36.793363+00', '2025-08-25 14:23:36.793363+00', '2025-08-25 14:23:36.793363+00', '{"eTag": "\"1e00a142fa0e0cfb3143eb279599423a-1\"", "size": 104113, "mimetype": "image/jpeg", "cacheControl": "max-age=3600", "lastModified": "2025-08-25T14:23:37.000Z", "contentLength": 104113, "httpStatusCode": 200}', 'd7b4256a-9d9d-46d4-bdd9-a21daa6b53d6', NULL, NULL, 1),
	('92f288e9-c932-4bd7-bcc8-6ec059e62b12', 'jakes_dad_public_assets', 'febreezy_comeback.png', NULL, '2025-08-26 15:59:52.615683+00', '2025-08-26 16:00:11.271921+00', '2025-08-26 15:59:52.615683+00', '{"eTag": "\"a3952b39c26d4f5fe0c45b5d2fdb6aa0\"", "size": 75119, "mimetype": "image/png", "cacheControl": "max-age=3600", "lastModified": "2025-08-26T16:00:12.000Z", "contentLength": 75119, "httpStatusCode": 200}', 'abda929e-1c50-4268-b59d-7bf45b4eec92', NULL, NULL, 1),
	('46a9ab5d-a700-4bb5-a5d3-1362cfa44816', 'jakes_dad_public_assets', 'michael_duck.jpeg', NULL, '2025-08-26 16:14:12.750406+00', '2025-08-26 16:14:12.750406+00', '2025-08-26 16:14:12.750406+00', '{"eTag": "\"f457e0d7b9d5dd07c799d111c9a363c7-1\"", "size": 2939241, "mimetype": "image/jpeg", "cacheControl": "max-age=3600", "lastModified": "2025-08-26T16:14:13.000Z", "contentLength": 2939241, "httpStatusCode": 200}', 'de1ceed7-fe2c-4204-8ece-24fe56b9246b', NULL, NULL, 1),
	('10a40645-fd19-43a9-8461-6046194fbacf', 'jakes_dad_public_assets', 'pickle.jpeg', NULL, '2025-08-26 16:14:12.854914+00', '2025-08-26 16:14:12.854914+00', '2025-08-26 16:14:12.854914+00', '{"eTag": "\"cb05df4e48e283444e830eae774eae4f-1\"", "size": 2704989, "mimetype": "image/jpeg", "cacheControl": "max-age=3600", "lastModified": "2025-08-26T16:14:13.000Z", "contentLength": 2704989, "httpStatusCode": 200}', '40c725ad-becb-48f6-85fe-c9d5028a9888', NULL, NULL, 1),
	('fe8cf218-068d-4da5-82fc-9c641763f1cd', 'jakes_dad_public_assets', 'broadway.jpeg', NULL, '2025-08-26 16:14:13.102094+00', '2025-08-26 16:14:13.102094+00', '2025-08-26 16:14:13.102094+00', '{"eTag": "\"306df6a5f1a79fd171a45d26c1326e30-1\"", "size": 3317455, "mimetype": "image/jpeg", "cacheControl": "max-age=3600", "lastModified": "2025-08-26T16:14:13.000Z", "contentLength": 3317455, "httpStatusCode": 200}', '4f7ee503-66e5-4ea0-83a6-113231414717', NULL, NULL, 1),
	('addc060e-dc79-464b-baa6-3d3785f36a43', 'jakes_dad_public_assets', 'commish_jihad.jpeg', NULL, '2025-10-08 03:30:02.198209+00', '2025-10-08 03:30:02.198209+00', '2025-10-08 03:30:02.198209+00', '{"eTag": "\"46d77efa2212ffe154395331a75c631f-1\"", "size": 305078, "mimetype": "image/jpeg", "cacheControl": "max-age=3600", "lastModified": "2025-10-08T03:30:02.000Z", "contentLength": 305078, "httpStatusCode": 200}', 'cd88a670-0052-497e-8c80-a90ac49094e2', NULL, NULL, 1),
	('d413291f-b583-4c3f-8cf1-25c6e26e22ac', 'jakes_dad_public_assets', 'gronny.PNG', NULL, '2025-12-16 21:56:08.356725+00', '2025-12-16 21:56:12.679482+00', '2025-12-16 21:56:08.356725+00', '{"eTag": "\"32853d86f9a3b2d4864fb0259604821f\"", "size": 319100, "mimetype": "image/png", "cacheControl": "max-age=3600", "lastModified": "2025-12-16T21:56:13.000Z", "contentLength": 319100, "httpStatusCode": 200}', '1b876a29-ed8d-49c0-adce-9fe01e4e3dce', NULL, NULL, 1);


--
-- Data for Name: prefixes; Type: TABLE DATA; Schema: storage; Owner: supabase_storage_admin
--



--
-- Data for Name: s3_multipart_uploads; Type: TABLE DATA; Schema: storage; Owner: supabase_storage_admin
--



--
-- Data for Name: s3_multipart_uploads_parts; Type: TABLE DATA; Schema: storage; Owner: supabase_storage_admin
--



--
-- Data for Name: vector_indexes; Type: TABLE DATA; Schema: storage; Owner: supabase_storage_admin
--



--
-- Name: refresh_tokens_id_seq; Type: SEQUENCE SET; Schema: auth; Owner: supabase_auth_admin
--

SELECT pg_catalog.setval('"auth"."refresh_tokens_id_seq"', 1, false);


--
-- Name: matchups_id_seq; Type: SEQUENCE SET; Schema: public; Owner: postgres
--

SELECT pg_catalog.setval('"public"."matchups_id_seq"', 1081, true);


--
-- Name: owners_id_seq; Type: SEQUENCE SET; Schema: public; Owner: postgres
--

SELECT pg_catalog.setval('"public"."owners_id_seq"', 14, true);


--
-- Name: poll_votes_id_seq; Type: SEQUENCE SET; Schema: public; Owner: postgres
--

SELECT pg_catalog.setval('"public"."poll_votes_id_seq"', 104, true);


--
-- Name: records_id_seq; Type: SEQUENCE SET; Schema: public; Owner: postgres
--

SELECT pg_catalog.setval('"public"."records_id_seq"', 136, true);


--
-- Name: seasons_id_seq; Type: SEQUENCE SET; Schema: public; Owner: postgres
--

SELECT pg_catalog.setval('"public"."seasons_id_seq"', 14, true);


--
-- Name: waiver_transactions_id_seq; Type: SEQUENCE SET; Schema: public; Owner: postgres
--

SELECT pg_catalog.setval('"public"."waiver_transactions_id_seq"', 58, true);


--
-- PostgreSQL database dump complete
--

RESET ALL;
